{
  "accuracy": 0.8003121980227459,
  "f1_macro": 0.7604241447895628,
  "f1_weighted": 0.7989136631972408,
  "precision_macro": 0.771795112805135,
  "recall_macro": 0.755829454777146,
  "mcc": 0.7689569266267352,
  "balanced_accuracy": 0.755829454777146,
  "per_class": {
    "Benign": {
      "precision": 0.7282055938975663,
      "recall": 0.8019,
      "f1": 0.7632781267846944,
      "support": 10000.0
    },
    "BruteForce": {
      "precision": 0.6320075164422173,
      "recall": 0.555769760396585,
      "f1": 0.5914419695193435,
      "support": 3631.0
    },
    "DDoS": {
      "precision": 0.8832190911398832,
      "recall": 0.6958,
      "f1": 0.7783868441660141,
      "support": 10000.0
    },
    "DoS": {
      "precision": 0.7486383891731309,
      "recall": 0.9072,
      "f1": 0.8203273352020979,
      "support": 10000.0
    },
    "Mirai": {
      "precision": 0.998599299649825,
      "recall": 0.9981,
      "f1": 0.9983495873968492,
      "support": 10000.0
    },
    "Recon": {
      "precision": 0.6965714285714286,
      "recall": 0.7314,
      "f1": 0.7135609756097561,
      "support": 10000.0
    },
    "Spoofing": {
      "precision": 0.9214565470519742,
      "recall": 0.8705,
      "f1": 0.895253766647812,
      "support": 10000.0
    },
    "Web": {
      "precision": 0.5656630365150545,
      "recall": 0.48596587782058337,
      "f1": 0.5227945529899348,
      "support": 3634.0
    }
  },
  "confusion_matrix": [
    [
      8019,
      273,
      0,
      0,
      0,
      1220,
      240,
      248
    ],
    [
      562,
      2018,
      0,
      0,
      0,
      596,
      157,
      298
    ],
    [
      0,
      1,
      6958,
      3035,
      5,
      0,
      1,
      0
    ],
    [
      0,
      0,
      916,
      9072,
      9,
      2,
      1,
      0
    ],
    [
      0,
      1,
      4,
      11,
      9981,
      0,
      3,
      0
    ],
    [
      1374,
      488,
      0,
      0,
      0,
      7314,
      236,
      588
    ],
    [
      632,
      158,
      0,
      0,
      0,
      283,
      8705,
      222
    ],
    [
      425,
      254,
      0,
      0,
      0,
      1085,
      104,
      1766
    ]
  ],
  "classification_report": "              precision    recall  f1-score   support\n\n      Benign       0.73      0.80      0.76     10000\n  BruteForce       0.63      0.56      0.59      3631\n        DDoS       0.88      0.70      0.78     10000\n         DoS       0.75      0.91      0.82     10000\n       Mirai       1.00      1.00      1.00     10000\n       Recon       0.70      0.73      0.71     10000\n    Spoofing       0.92      0.87      0.90     10000\n         Web       0.57      0.49      0.52      3634\n\n    accuracy                           0.80     67265\n   macro avg       0.77      0.76      0.76     67265\nweighted avg       0.80      0.80      0.80     67265\n",
  "training_time": 544.1343474388123
}