{
  "accuracy": 0.9874671278637257,
  "f1_macro": 0.961810206009423,
  "f1_weighted": 0.9878501447338455,
  "precision_macro": 0.9496044996354369,
  "recall_macro": 0.9819933732057416,
  "mcc": 0.9856429388265886,
  "balanced_accuracy": 0.9819933732057416,
  "per_class": {
    "Backdoor": {
      "precision": 0.99975,
      "recall": 0.99975,
      "f1": 0.99975,
      "support": 4000.0
    },
    "BruteForce": {
      "precision": 0.9997472832954258,
      "recall": 0.989,
      "f1": 0.994344602237024,
      "support": 4000.0
    },
    "DDoS": {
      "precision": 0.9901040345090079,
      "recall": 0.9755,
      "f1": 0.9827477647651429,
      "support": 4000.0
    },
    "DoS": {
      "precision": 0.9926321138211383,
      "recall": 0.97675,
      "f1": 0.9846270161290323,
      "support": 4000.0
    },
    "Injection": {
      "precision": 0.9692346173086543,
      "recall": 0.96875,
      "f1": 0.9689922480620154,
      "support": 4000.0
    },
    "MITM": {
      "precision": 0.5933734939759037,
      "recall": 0.9425837320574163,
      "f1": 0.7282809611829945,
      "support": 209.0
    },
    "Normal": {
      "precision": 0.9992974003814112,
      "recall": 0.9956,
      "f1": 0.9974452737564494,
      "support": 10000.0
    },
    "Ransomware": {
      "precision": 0.9957658779576588,
      "recall": 0.9995,
      "f1": 0.9976294447910169,
      "support": 4000.0
    },
    "Reconnaissance": {
      "precision": 0.9851005711447728,
      "recall": 0.99175,
      "f1": 0.9884141024043852,
      "support": 4000.0
    },
    "XSS": {
      "precision": 0.971039603960396,
      "recall": 0.98075,
      "f1": 0.9758706467661692,
      "support": 4000.0
    }
  },
  "confusion_matrix": [
    [
      3999,
      0,
      0,
      0,
      0,
      1,
      0,
      0,
      0,
      0
    ],
    [
      1,
      3956,
      0,
      4,
      1,
      32,
      1,
      0,
      3,
      2
    ],
    [
      0,
      1,
      3902,
      2,
      42,
      0,
      0,
      12,
      1,
      40
    ],
    [
      0,
      0,
      3,
      3907,
      1,
      43,
      2,
      0,
      43,
      1
    ],
    [
      0,
      0,
      29,
      1,
      3875,
      9,
      1,
      1,
      12,
      72
    ],
    [
      0,
      0,
      0,
      6,
      3,
      197,
      2,
      0,
      1,
      0
    ],
    [
      0,
      0,
      2,
      5,
      1,
      30,
      9956,
      4,
      0,
      2
    ],
    [
      0,
      0,
      2,
      0,
      0,
      0,
      0,
      3998,
      0,
      0
    ],
    [
      0,
      0,
      0,
      11,
      4,
      18,
      0,
      0,
      3967,
      0
    ],
    [
      0,
      0,
      3,
      0,
      71,
      2,
      1,
      0,
      0,
      3923
    ]
  ],
  "classification_report": "                precision    recall  f1-score   support\n\n      Backdoor       1.00      1.00      1.00      4000\n    BruteForce       1.00      0.99      0.99      4000\n          DDoS       0.99      0.98      0.98      4000\n           DoS       0.99      0.98      0.98      4000\n     Injection       0.97      0.97      0.97      4000\n          MITM       0.59      0.94      0.73       209\n        Normal       1.00      1.00      1.00     10000\n    Ransomware       1.00      1.00      1.00      4000\nReconnaissance       0.99      0.99      0.99      4000\n           XSS       0.97      0.98      0.98      4000\n\n      accuracy                           0.99     42209\n     macro avg       0.95      0.98      0.96     42209\n  weighted avg       0.99      0.99      0.99     42209\n",
  "training_time": 28017.99022459984
}