{
  "accuracy": 0.14350702445551178,
  "f1_macro": 0.057183988362563,
  "f1_weighted": 0.06258435875474075,
  "precision_macro": 0.1467130312878615,
  "recall_macro": 0.13235568932306,
  "mcc": 0.02778526520327808,
  "balanced_accuracy": 0.13235568932306,
  "per_class": {
    "Benign": {
      "precision": 0.43346508563899866,
      "recall": 0.0658,
      "f1": 0.11425594721305782,
      "support": 10000.0
    },
    "BruteForce": {
      "precision": 0.0,
      "recall": 0.0,
      "f1": 0.0,
      "support": 3631.0
    },
    "DDoS": {
      "precision": 0.0,
      "recall": 0.0,
      "f1": 0.0,
      "support": 10000.0
    },
    "DoS": {
      "precision": 0.0,
      "recall": 0.0,
      "f1": 0.0,
      "support": 10000.0
    },
    "Mirai": {
      "precision": 0.0,
      "recall": 0.0,
      "f1": 0.0,
      "support": 10000.0
    },
    "Recon": {
      "precision": 0.16616338050407564,
      "recall": 0.8419,
      "f1": 0.27754792556084856,
      "support": 10000.0
    },
    "Spoofing": {
      "precision": 0.5384615384615384,
      "recall": 0.0042,
      "f1": 0.008334987100615202,
      "support": 10000.0
    },
    "Web": {
      "precision": 0.03561424569827931,
      "recall": 0.1469455145844799,
      "f1": 0.057333047025982395,
      "support": 3634.0
    }
  },
  "confusion_matrix": [
    [
      658,
      0,
      0,
      0,
      0,
      8738,
      0,
      604
    ],
    [
      151,
      0,
      0,
      0,
      0,
      3185,
      0,
      295
    ],
    [
      0,
      0,
      0,
      0,
      0,
      9796,
      3,
      201
    ],
    [
      0,
      0,
      0,
      0,
      0,
      8736,
      6,
      1258
    ],
    [
      1,
      0,
      0,
      0,
      0,
      259,
      27,
      9713
    ],
    [
      110,
      2,
      0,
      0,
      0,
      8419,
      0,
      1469
    ],
    [
      405,
      2,
      0,
      0,
      0,
      8631,
      42,
      920
    ],
    [
      193,
      4,
      0,
      0,
      0,
      2903,
      0,
      534
    ]
  ],
  "classification_report": "              precision    recall  f1-score   support\n\n      Benign       0.43      0.07      0.11     10000\n  BruteForce       0.00      0.00      0.00      3631\n        DDoS       0.00      0.00      0.00     10000\n         DoS       0.00      0.00      0.00     10000\n       Mirai       0.00      0.00      0.00     10000\n       Recon       0.17      0.84      0.28     10000\n    Spoofing       0.54      0.00      0.01     10000\n         Web       0.04      0.15      0.06      3634\n\n    accuracy                           0.14     67265\n   macro avg       0.15      0.13      0.06     67265\nweighted avg       0.17      0.14      0.06     67265\n",
  "training_time": 2323.3709347248077
}