{
  "lr": 0.0008357347074159696,
  "dropout": 0.22571794487168315,
  "batch_size": 512,
  "weight_decay": 8.812630364935845e-05,
  "num_filters": 128
}