{
  "lr": 0.00026095221335829046,
  "dropout": 0.1784905784205265,
  "batch_size": 512,
  "weight_decay": 4.8192243234765265e-05,
  "hidden_size": 256,
  "num_layers": 2
}