{
  "accuracy": 0.8692409337835854,
  "f1_macro": 0.8116771904902924,
  "f1_weighted": 0.8751159316594784,
  "precision_macro": 0.8084355554676425,
  "recall_macro": 0.8697720664922747,
  "mcc": 0.8522300865371301,
  "balanced_accuracy": 0.8697720664922747,
  "per_class": {
    "Backdoor": {
      "precision": 0.9474647151071616,
      "recall": 0.7290828640386162,
      "f1": 0.8240509206637873,
      "support": 4972.0
    },
    "BruteForce": {
      "precision": 0.7048771266540643,
      "recall": 0.9322,
      "f1": 0.8027556512378902,
      "support": 10000.0
    },
    "DDoS": {
      "precision": 0.9887310717220331,
      "recall": 0.8423,
      "f1": 0.9096603488309304,
      "support": 10000.0
    },
    "Injection": {
      "precision": 0.9322149172523237,
      "recall": 0.8224,
      "f1": 0.873871002018914,
      "support": 10000.0
    },
    "MITM": {
      "precision": 0.30527638190954776,
      "recall": 1.0,
      "f1": 0.46775745909528393,
      "support": 243.0
    },
    "Malware": {
      "precision": 0.9752704791344667,
      "recall": 0.8383153979008902,
      "f1": 0.9016217760948775,
      "support": 7527.0
    },
    "Normal": {
      "precision": 0.9776799426640729,
      "recall": 0.9549,
      "f1": 0.9661557140689028,
      "support": 10000.0
    },
    "Ransomware": {
      "precision": 0.5313956676720593,
      "recall": 0.8869565217391304,
      "f1": 0.6646090534979424,
      "support": 2185.0
    },
    "Reconnaissance": {
      "precision": 0.9113186702822135,
      "recall": 0.9074,
      "f1": 0.9093551134940121,
      "support": 10000.0
    },
    "XSS": {
      "precision": 0.810126582278481,
      "recall": 0.7841658812441094,
      "f1": 0.7969348659003831,
      "support": 3183.0
    }
  },
  "confusion_matrix": [
    [
      3625,
      0,
      1,
      0,
      85,
      3,
      0,
      1256,
      0,
      2
    ],
    [
      0,
      9322,
      0,
      311,
      12,
      74,
      187,
      3,
      0,
      91
    ],
    [
      27,
      483,
      8423,
      146,
      0,
      7,
      19,
      1,
      875,
      19
    ],
    [
      0,
      1753,
      13,
      8224,
      8,
      0,
      0,
      2,
      0,
      0
    ],
    [
      0,
      0,
      0,
      0,
      243,
      0,
      0,
      0,
      0,
      0
    ],
    [
      0,
      774,
      0,
      0,
      13,
      6310,
      12,
      181,
      0,
      237
    ],
    [
      1,
      159,
      1,
      0,
      49,
      4,
      9549,
      14,
      2,
      221
    ],
    [
      103,
      0,
      0,
      0,
      144,
      0,
      0,
      1938,
      0,
      0
    ],
    [
      70,
      247,
      80,
      140,
      121,
      12,
      0,
      241,
      9074,
      15
    ],
    [
      0,
      487,
      1,
      1,
      121,
      60,
      0,
      11,
      6,
      2496
    ]
  ],
  "classification_report": "                precision    recall  f1-score   support\n\n      Backdoor       0.95      0.73      0.82      4972\n    BruteForce       0.70      0.93      0.80     10000\n          DDoS       0.99      0.84      0.91     10000\n     Injection       0.93      0.82      0.87     10000\n          MITM       0.31      1.00      0.47       243\n       Malware       0.98      0.84      0.90      7527\n        Normal       0.98      0.95      0.97     10000\n    Ransomware       0.53      0.89      0.66      2185\nReconnaissance       0.91      0.91      0.91     10000\n           XSS       0.81      0.78      0.80      3183\n\n      accuracy                           0.87     68110\n     macro avg       0.81      0.87      0.81     68110\n  weighted avg       0.90      0.87      0.88     68110\n",
  "training_time": 4921.589673280716
}