{
  "n_estimators": 422,
  "max_depth": 10,
  "learning_rate": 0.010048804465019934,
  "num_leaves": 138,
  "min_child_samples": 48,
  "subsample": 0.6204739994881643,
  "colsample_bytree": 0.6793204558146106,
  "reg_alpha": 4.9290581436077684e-06,
  "reg_lambda": 3.314026916781231e-08,
  "verbose": -1,
  "random_state": 42,
  "n_jobs": -1
}