{
  "accuracy": 0.8299118097227959,
  "f1_macro": 0.6447225870858196,
  "f1_weighted": 0.8417350684436585,
  "precision_macro": 0.6385541294639581,
  "recall_macro": 0.6921777492746704,
  "mcc": 0.799401081087361,
  "balanced_accuracy": 0.6921777492746704,
  "per_class": {
    "Analysis": {
      "precision": 0.35545023696682465,
      "recall": 0.2803738317757009,
      "f1": 0.31347962382445144,
      "support": 535.0
    },
    "Backdoor": {
      "precision": 0.13987473903966596,
      "recall": 0.14377682403433475,
      "f1": 0.14179894179894179,
      "support": 466.0
    },
    "DoS": {
      "precision": 0.3602794411177645,
      "recall": 0.7725466218281871,
      "f1": 0.4913952357802625,
      "support": 3271.0
    },
    "Exploits": {
      "precision": 0.8511129431162407,
      "recall": 0.5796743402582819,
      "f1": 0.6896459585838344,
      "support": 8905.0
    },
    "Fuzzers": {
      "precision": 0.9384893713251922,
      "recall": 0.8558465663023304,
      "f1": 0.8952648042282386,
      "support": 4849.0
    },
    "Generic": {
      "precision": 0.9981630778650883,
      "recall": 0.9781,
      "f1": 0.9880296984696196,
      "support": 10000.0
    },
    "Normal": {
      "precision": 0.9998986006895153,
      "recall": 0.9861,
      "f1": 0.9929513644144597,
      "support": 10000.0
    },
    "Reconnaissance": {
      "precision": 0.8815261044176707,
      "recall": 0.7844889206576126,
      "f1": 0.8301815431164902,
      "support": 2798.0
    },
    "Shellcode": {
      "precision": 0.4413919413919414,
      "recall": 0.7980132450331126,
      "f1": 0.5683962264150944,
      "support": 302.0
    },
    "Worms": {
      "precision": 0.41935483870967744,
      "recall": 0.7428571428571429,
      "f1": 0.5360824742268041,
      "support": 35.0
    }
  },
  "confusion_matrix": [
    [
      150,
      56,
      307,
      18,
      3,
      0,
      1,
      0,
      0,
      0
    ],
    [
      48,
      67,
      313,
      20,
      4,
      0,
      0,
      7,
      6,
      1
    ],
    [
      44,
      78,
      2527,
      503,
      31,
      1,
      0,
      20,
      65,
      2
    ],
    [
      95,
      134,
      3033,
      5162,
      86,
      14,
      0,
      236,
      113,
      32
    ],
    [
      70,
      132,
      347,
      76,
      4150,
      0,
      0,
      16,
      58,
      0
    ],
    [
      1,
      4,
      98,
      92,
      12,
      9781,
      0,
      0,
      11,
      1
    ],
    [
      11,
      0,
      2,
      14,
      104,
      0,
      9861,
      2,
      6,
      0
    ],
    [
      3,
      7,
      385,
      151,
      12,
      1,
      0,
      2195,
      44,
      0
    ],
    [
      0,
      0,
      2,
      25,
      19,
      1,
      0,
      14,
      241,
      0
    ],
    [
      0,
      1,
      0,
      4,
      1,
      1,
      0,
      0,
      2,
      26
    ]
  ],
  "classification_report": "                precision    recall  f1-score   support\n\n      Analysis       0.36      0.28      0.31       535\n      Backdoor       0.14      0.14      0.14       466\n           DoS       0.36      0.77      0.49      3271\n      Exploits       0.85      0.58      0.69      8905\n       Fuzzers       0.94      0.86      0.90      4849\n       Generic       1.00      0.98      0.99     10000\n        Normal       1.00      0.99      0.99     10000\nReconnaissance       0.88      0.78      0.83      2798\n     Shellcode       0.44      0.80      0.57       302\n         Worms       0.42      0.74      0.54        35\n\n      accuracy                           0.83     41161\n     macro avg       0.64      0.69      0.64     41161\n  weighted avg       0.88      0.83      0.84     41161\n",
  "training_time": 1489.251742362976
}