{
  "accuracy": 0.8233764971696509,
  "f1_macro": 0.6123977462934892,
  "f1_weighted": 0.8352862534900892,
  "precision_macro": 0.6049955965952799,
  "recall_macro": 0.667299061440658,
  "mcc": 0.7910331159776296,
  "balanced_accuracy": 0.667299061440658,
  "per_class": {
    "Analysis": {
      "precision": 0.3116883116883117,
      "recall": 0.2691588785046729,
      "f1": 0.2888665997993982,
      "support": 535.0
    },
    "Backdoor": {
      "precision": 0.11134020618556702,
      "recall": 0.11587982832618025,
      "f1": 0.11356466876971609,
      "support": 466.0
    },
    "DoS": {
      "precision": 0.3560064224200847,
      "recall": 0.745643534087435,
      "f1": 0.4819205690574985,
      "support": 3271.0
    },
    "Exploits": {
      "precision": 0.8374958922116332,
      "recall": 0.5723750701852892,
      "f1": 0.6800080048028817,
      "support": 8905.0
    },
    "Fuzzers": {
      "precision": 0.9177074041034791,
      "recall": 0.8486285832130336,
      "f1": 0.8818172077574199,
      "support": 4849.0
    },
    "Generic": {
      "precision": 0.996929061316409,
      "recall": 0.9739,
      "f1": 0.9852799838130406,
      "support": 10000.0
    },
    "Normal": {
      "precision": 0.999695832910879,
      "recall": 0.986,
      "f1": 0.9928006846901274,
      "support": 10000.0
    },
    "Reconnaissance": {
      "precision": 0.8751993620414673,
      "recall": 0.7844889206576126,
      "f1": 0.8273652468903129,
      "support": 2798.0
    },
    "Shellcode": {
      "precision": 0.40213523131672596,
      "recall": 0.7483443708609272,
      "f1": 0.5231481481481481,
      "support": 302.0
    },
    "Worms": {
      "precision": 0.24175824175824176,
      "recall": 0.6285714285714286,
      "f1": 0.3492063492063492,
      "support": 35.0
    }
  },
  "confusion_matrix": [
    [
      144,
      59,
      303,
      23,
      5,
      0,
      1,
      0,
      0,
      0
    ],
    [
      49,
      54,
      307,
      31,
      12,
      0,
      0,
      5,
      7,
      1
    ],
    [
      55,
      92,
      2439,
      537,
      49,
      7,
      0,
      20,
      70,
      2
    ],
    [
      118,
      144,
      2968,
      5097,
      133,
      21,
      0,
      238,
      122,
      64
    ],
    [
      79,
      120,
      343,
      98,
      4115,
      2,
      2,
      24,
      66,
      0
    ],
    [
      1,
      6,
      102,
      114,
      20,
      9739,
      0,
      3,
      15,
      0
    ],
    [
      11,
      0,
      3,
      14,
      106,
      0,
      9860,
      3,
      3,
      0
    ],
    [
      5,
      9,
      378,
      148,
      13,
      0,
      0,
      2195,
      49,
      1
    ],
    [
      0,
      1,
      7,
      19,
      28,
      0,
      0,
      20,
      226,
      1
    ],
    [
      0,
      0,
      1,
      5,
      3,
      0,
      0,
      0,
      4,
      22
    ]
  ],
  "classification_report": "                precision    recall  f1-score   support\n\n      Analysis       0.31      0.27      0.29       535\n      Backdoor       0.11      0.12      0.11       466\n           DoS       0.36      0.75      0.48      3271\n      Exploits       0.84      0.57      0.68      8905\n       Fuzzers       0.92      0.85      0.88      4849\n       Generic       1.00      0.97      0.99     10000\n        Normal       1.00      0.99      0.99     10000\nReconnaissance       0.88      0.78      0.83      2798\n     Shellcode       0.40      0.75      0.52       302\n         Worms       0.24      0.63      0.35        35\n\n      accuracy                           0.82     41161\n     macro avg       0.60      0.67      0.61     41161\n  weighted avg       0.87      0.82      0.84     41161\n",
  "training_time": 1877.5399210453033
}