{
  "lr": 0.001104862899065264,
  "dropout": 0.22917128814064824,
  "batch_size": 512,
  "weight_decay": 1.1086605254485852e-05,
  "hidden_size": 512,
  "num_layers": 1
}