{
  "accuracy": 0.7721995094031071,
  "f1_macro": 0.7324276112043678,
  "f1_weighted": 0.7744981749590715,
  "precision_macro": 0.7380138811769633,
  "recall_macro": 0.7423803934622017,
  "mcc": 0.7387353867075367,
  "balanced_accuracy": 0.7423803934622017,
  "per_class": {
    "Benign": {
      "precision": 0.7168703685882013,
      "recall": 0.7449,
      "f1": 0.7306164484331322,
      "support": 10000.0
    },
    "BruteForce": {
      "precision": 0.482304704359085,
      "recall": 0.6155329110437896,
      "f1": 0.5408348457350273,
      "support": 3631.0
    },
    "DDoS": {
      "precision": 0.9172237235101692,
      "recall": 0.6449,
      "f1": 0.7573248781633491,
      "support": 10000.0
    },
    "DoS": {
      "precision": 0.7257579264059245,
      "recall": 0.9408,
      "f1": 0.8194051299917258,
      "support": 10000.0
    },
    "Mirai": {
      "precision": 0.9981,
      "recall": 0.9981,
      "f1": 0.9981,
      "support": 10000.0
    },
    "Recon": {
      "precision": 0.7449616122840691,
      "recall": 0.621,
      "f1": 0.6773560209424084,
      "support": 10000.0
    },
    "Spoofing": {
      "precision": 0.8962274466921816,
      "recall": 0.8196,
      "f1": 0.8562026638809088,
      "support": 10000.0
    },
    "Web": {
      "precision": 0.42266526757607553,
      "recall": 0.554210236653825,
      "f1": 0.47958090248839147,
      "support": 3634.0
    }
  },
  "confusion_matrix": [
    [
      7449,
      707,
      0,
      0,
      0,
      922,
      368,
      554
    ],
    [
      491,
      2235,
      0,
      0,
      0,
      360,
      153,
      392
    ],
    [
      0,
      0,
      6449,
      3540,
      9,
      1,
      1,
      0
    ],
    [
      0,
      0,
      579,
      9408,
      10,
      1,
      2,
      0
    ],
    [
      0,
      0,
      3,
      15,
      9981,
      0,
      1,
      0
    ],
    [
      1232,
      938,
      0,
      0,
      0,
      6210,
      286,
      1334
    ],
    [
      849,
      302,
      0,
      0,
      0,
      182,
      8196,
      471
    ],
    [
      370,
      452,
      0,
      0,
      0,
      660,
      138,
      2014
    ]
  ],
  "classification_report": "              precision    recall  f1-score   support\n\n      Benign       0.72      0.74      0.73     10000\n  BruteForce       0.48      0.62      0.54      3631\n        DDoS       0.92      0.64      0.76     10000\n         DoS       0.73      0.94      0.82     10000\n       Mirai       1.00      1.00      1.00     10000\n       Recon       0.74      0.62      0.68     10000\n    Spoofing       0.90      0.82      0.86     10000\n         Web       0.42      0.55      0.48      3634\n\n    accuracy                           0.77     67265\n   macro avg       0.74      0.74      0.73     67265\nweighted avg       0.79      0.77      0.77     67265\n",
  "training_time": 4005.2637453079224
}