{
  "accuracy": 0.7262618003419312,
  "f1_macro": 0.6796008295800926,
  "f1_weighted": 0.7332508036976837,
  "precision_macro": 0.683384542797902,
  "recall_macro": 0.6886373777079654,
  "mcc": 0.6854481606612213,
  "balanced_accuracy": 0.6886373777079654,
  "per_class": {
    "Benign": {
      "precision": 0.6657705232837254,
      "recall": 0.6934,
      "f1": 0.67930443301494,
      "support": 10000.0
    },
    "BruteForce": {
      "precision": 0.3365990202939118,
      "recall": 0.5298815753236024,
      "f1": 0.41168289290681503,
      "support": 3631.0
    },
    "DDoS": {
      "precision": 0.8015343562374917,
      "recall": 0.7209,
      "f1": 0.7590818153100979,
      "support": 10000.0
    },
    "DoS": {
      "precision": 0.7455750204229826,
      "recall": 0.8214,
      "f1": 0.7816529476138364,
      "support": 10000.0
    },
    "Mirai": {
      "precision": 0.9982962517538585,
      "recall": 0.9961,
      "f1": 0.9971969166082691,
      "support": 10000.0
    },
    "Recon": {
      "precision": 0.6929488027516867,
      "recall": 0.5238,
      "f1": 0.5966171194259354,
      "support": 10000.0
    },
    "Spoofing": {
      "precision": 0.8963160333642262,
      "recall": 0.7737,
      "f1": 0.8305066552168313,
      "support": 10000.0
    },
    "Web": {
      "precision": 0.3300363342753331,
      "recall": 0.4499174463401211,
      "f1": 0.3807638565440149,
      "support": 3634.0
    }
  },
  "confusion_matrix": [
    [
      6934,
      1056,
      0,
      0,
      0,
      921,
      349,
      740
    ],
    [
      620,
      1924,
      0,
      0,
      0,
      413,
      170,
      504
    ],
    [
      0,
      0,
      7209,
      2783,
      6,
      0,
      2,
      0
    ],
    [
      0,
      0,
      1771,
      8214,
      10,
      3,
      2,
      0
    ],
    [
      1,
      0,
      12,
      20,
      9961,
      4,
      2,
      0
    ],
    [
      1491,
      1454,
      0,
      0,
      0,
      5238,
      233,
      1584
    ],
    [
      894,
      562,
      2,
      0,
      1,
      313,
      7737,
      491
    ],
    [
      475,
      720,
      0,
      0,
      0,
      667,
      137,
      1635
    ]
  ],
  "classification_report": "              precision    recall  f1-score   support\n\n      Benign       0.67      0.69      0.68     10000\n  BruteForce       0.34      0.53      0.41      3631\n        DDoS       0.80      0.72      0.76     10000\n         DoS       0.75      0.82      0.78     10000\n       Mirai       1.00      1.00      1.00     10000\n       Recon       0.69      0.52      0.60     10000\n    Spoofing       0.90      0.77      0.83     10000\n         Web       0.33      0.45      0.38      3634\n\n    accuracy                           0.73     67265\n   macro avg       0.68      0.69      0.68     67265\nweighted avg       0.75      0.73      0.73     67265\n",
  "training_time": 16.824047327041626
}