{
  "n_estimators": 402,
  "max_depth": 12,
  "learning_rate": 0.07477386034633464,
  "num_leaves": 85,
  "min_child_samples": 36,
  "subsample": 0.9423002288452099,
  "colsample_bytree": 0.751052186953754,
  "reg_alpha": 3.0969424204348424,
  "reg_lambda": 8.557609263185466e-08,
  "verbose": -1,
  "random_state": 42,
  "n_jobs": -1
}