{
  "accuracy": 0.8044451051810005,
  "f1_macro": 0.7669336341710544,
  "f1_weighted": 0.8030541345015352,
  "precision_macro": 0.7789165661954305,
  "recall_macro": 0.7610348576368084,
  "mcc": 0.7734737831230979,
  "balanced_accuracy": 0.7610348576368084,
  "per_class": {
    "Benign": {
      "precision": 0.7390865737344093,
      "recall": 0.8059,
      "f1": 0.7710486031381554,
      "support": 10000.0
    },
    "BruteForce": {
      "precision": 0.6606099935107074,
      "recall": 0.560727072431837,
      "f1": 0.6065842395352301,
      "support": 3631.0
    },
    "DDoS": {
      "precision": 0.8665771484375,
      "recall": 0.7099,
      "f1": 0.780452946350044,
      "support": 10000.0
    },
    "DoS": {
      "precision": 0.7537471420103311,
      "recall": 0.8901,
      "f1": 0.8162685129992205,
      "support": 10000.0
    },
    "Mirai": {
      "precision": 0.9986993496748374,
      "recall": 0.9982,
      "f1": 0.9984496124031008,
      "support": 10000.0
    },
    "Recon": {
      "precision": 0.6964853243596933,
      "recall": 0.7451,
      "f1": 0.7199729442458208,
      "support": 10000.0
    },
    "Spoofing": {
      "precision": 0.9194581539430852,
      "recall": 0.8756,
      "f1": 0.8969932899656815,
      "support": 10000.0
    },
    "Web": {
      "precision": 0.5966688438928804,
      "recall": 0.5027517886626307,
      "f1": 0.5456989247311828,
      "support": 3634.0
    }
  },
  "confusion_matrix": [
    [
      8059,
      245,
      0,
      0,
      0,
      1234,
      246,
      216
    ],
    [
      542,
      2036,
      0,
      0,
      0,
      617,
      154,
      282
    ],
    [
      1,
      0,
      7099,
      2896,
      4,
      0,
      0,
      0
    ],
    [
      0,
      0,
      1088,
      8901,
      9,
      1,
      1,
      0
    ],
    [
      0,
      0,
      5,
      12,
      9982,
      0,
      1,
      0
    ],
    [
      1339,
      423,
      0,
      0,
      0,
      7451,
      256,
      531
    ],
    [
      595,
      156,
      0,
      0,
      0,
      287,
      8756,
      206
    ],
    [
      368,
      222,
      0,
      0,
      0,
      1108,
      109,
      1827
    ]
  ],
  "classification_report": "              precision    recall  f1-score   support\n\n      Benign       0.74      0.81      0.77     10000\n  BruteForce       0.66      0.56      0.61      3631\n        DDoS       0.87      0.71      0.78     10000\n         DoS       0.75      0.89      0.82     10000\n       Mirai       1.00      1.00      1.00     10000\n       Recon       0.70      0.75      0.72     10000\n    Spoofing       0.92      0.88      0.90     10000\n         Web       0.60      0.50      0.55      3634\n\n    accuracy                           0.80     67265\n   macro avg       0.78      0.76      0.77     67265\nweighted avg       0.81      0.80      0.80     67265\n",
  "training_time": 1422.8043191432953
}