{
  "accuracy": 0.9115842020261342,
  "f1_macro": 0.8636812701630798,
  "f1_weighted": 0.9156399933499029,
  "precision_macro": 0.8565399746375448,
  "recall_macro": 0.9138046858172435,
  "mcc": 0.8997570943100087,
  "balanced_accuracy": 0.9138046858172435,
  "per_class": {
    "Backdoor": {
      "precision": 0.9987135506003431,
      "recall": 0.9368463395012068,
      "f1": 0.966791199667912,
      "support": 4972.0
    },
    "BruteForce": {
      "precision": 0.7275396825396825,
      "recall": 0.9167,
      "f1": 0.8112389380530973,
      "support": 10000.0
    },
    "DDoS": {
      "precision": 0.9992567424081547,
      "recall": 0.9411,
      "f1": 0.9693068287156247,
      "support": 10000.0
    },
    "Injection": {
      "precision": 0.9329902673677145,
      "recall": 0.834,
      "f1": 0.8807223190242357,
      "support": 10000.0
    },
    "MITM": {
      "precision": 0.30527638190954776,
      "recall": 1.0,
      "f1": 0.46775745909528393,
      "support": 243.0
    },
    "Malware": {
      "precision": 0.9842218137254902,
      "recall": 0.8535937292413976,
      "f1": 0.9142653859836357,
      "support": 7527.0
    },
    "Normal": {
      "precision": 0.9642543217111046,
      "recall": 0.9873,
      "f1": 0.9756410889866101,
      "support": 10000.0
    },
    "Ransomware": {
      "precision": 0.7747231767850324,
      "recall": 0.928604118993135,
      "f1": 0.8447127393838468,
      "support": 2185.0
    },
    "Reconnaissance": {
      "precision": 0.9979815149261659,
      "recall": 0.9394,
      "f1": 0.9678050790707258,
      "support": 10000.0
    },
    "XSS": {
      "precision": 0.8804422944022114,
      "recall": 0.800502670436695,
      "f1": 0.8385716636498273,
      "support": 3183.0
    }
  },
  "confusion_matrix": [
    [
      4658,
      0,
      1,
      0,
      85,
      1,
      0,
      225,
      2,
      0
    ],
    [
      0,
      9167,
      0,
      393,
      12,
      67,
      293,
      3,
      2,
      63
    ],
    [
      0,
      458,
      9411,
      105,
      0,
      4,
      4,
      0,
      14,
      4
    ],
    [
      0,
      1646,
      3,
      8340,
      8,
      0,
      0,
      2,
      1,
      0
    ],
    [
      0,
      0,
      0,
      0,
      243,
      0,
      0,
      0,
      0,
      0
    ],
    [
      0,
      724,
      0,
      41,
      13,
      6425,
      10,
      97,
      0,
      217
    ],
    [
      0,
      0,
      0,
      0,
      49,
      6,
      9873,
      14,
      0,
      58
    ],
    [
      1,
      0,
      0,
      0,
      144,
      11,
      0,
      2029,
      0,
      0
    ],
    [
      5,
      155,
      3,
      24,
      121,
      5,
      51,
      238,
      9394,
      4
    ],
    [
      0,
      450,
      0,
      36,
      121,
      9,
      8,
      11,
      0,
      2548
    ]
  ],
  "classification_report": "                precision    recall  f1-score   support\n\n      Backdoor       1.00      0.94      0.97      4972\n    BruteForce       0.73      0.92      0.81     10000\n          DDoS       1.00      0.94      0.97     10000\n     Injection       0.93      0.83      0.88     10000\n          MITM       0.31      1.00      0.47       243\n       Malware       0.98      0.85      0.91      7527\n        Normal       0.96      0.99      0.98     10000\n    Ransomware       0.77      0.93      0.84      2185\nReconnaissance       1.00      0.94      0.97     10000\n           XSS       0.88      0.80      0.84      3183\n\n      accuracy                           0.91     68110\n     macro avg       0.86      0.91      0.86     68110\n  weighted avg       0.93      0.91      0.92     68110\n",
  "training_time": 826.8319149017334
}