{
  "accuracy": 0.5078593814533174,
  "f1_macro": 0.23926071735303034,
  "f1_weighted": 0.4761001009629156,
  "precision_macro": 0.2951053970516988,
  "recall_macro": 0.3304125608882764,
  "mcc": 0.4244869904880767,
  "balanced_accuracy": 0.3304125608882764,
  "per_class": {
    "Analysis": {
      "precision": 0.0030120481927710845,
      "recall": 0.003738317757009346,
      "f1": 0.003336113427856547,
      "support": 535.0
    },
    "Backdoor": {
      "precision": 0.05516840882694541,
      "recall": 0.20386266094420602,
      "f1": 0.08683729433272395,
      "support": 466.0
    },
    "DoS": {
      "precision": 0.22889305816135083,
      "recall": 0.074594925099358,
      "f1": 0.11252017523633848,
      "support": 3271.0
    },
    "Exploits": {
      "precision": 0.7855787476280834,
      "recall": 0.09298147108366087,
      "f1": 0.16628175519630484,
      "support": 8905.0
    },
    "Fuzzers": {
      "precision": 0.2897288010798871,
      "recall": 0.486904516395133,
      "f1": 0.3632866594860748,
      "support": 4849.0
    },
    "Generic": {
      "precision": 0.6496671013796417,
      "recall": 0.9465,
      "f1": 0.7704831291464854,
      "support": 10000.0
    },
    "Normal": {
      "precision": 0.8616262482168331,
      "recall": 0.7852,
      "f1": 0.8216397216554178,
      "support": 10000.0
    },
    "Reconnaissance": {
      "precision": 0.03488372093023256,
      "recall": 0.001072194424588992,
      "f1": 0.0020804438280166435,
      "support": 2798.0
    },
    "Shellcode": {
      "precision": 0.037037037037037035,
      "recall": 0.10927152317880795,
      "f1": 0.055322715842414084,
      "support": 302.0
    },
    "Worms": {
      "precision": 0.005458799064205874,
      "recall": 0.6,
      "f1": 0.010819165378670788,
      "support": 35.0
    }
  },
  "confusion_matrix": [
    [
      2,
      80,
      22,
      0,
      112,
      193,
      0,
      0,
      2,
      124
    ],
    [
      4,
      95,
      46,
      2,
      89,
      180,
      2,
      3,
      4,
      41
    ],
    [
      45,
      217,
      244,
      51,
      908,
      1347,
      105,
      17,
      54,
      283
    ],
    [
      216,
      320,
      321,
      828,
      2918,
      1664,
      1094,
      15,
      64,
      1465
    ],
    [
      186,
      412,
      70,
      23,
      2361,
      490,
      5,
      38,
      26,
      1238
    ],
    [
      5,
      287,
      17,
      13,
      104,
      9465,
      47,
      4,
      4,
      54
    ],
    [
      62,
      150,
      255,
      137,
      445,
      937,
      7852,
      3,
      2,
      157
    ],
    [
      126,
      139,
      90,
      0,
      1087,
      284,
      8,
      3,
      702,
      359
    ],
    [
      15,
      19,
      1,
      0,
      119,
      8,
      0,
      2,
      33,
      105
    ],
    [
      3,
      3,
      0,
      0,
      6,
      1,
      0,
      1,
      0,
      21
    ]
  ],
  "classification_report": "                precision    recall  f1-score   support\n\n      Analysis       0.00      0.00      0.00       535\n      Backdoor       0.06      0.20      0.09       466\n           DoS       0.23      0.07      0.11      3271\n      Exploits       0.79      0.09      0.17      8905\n       Fuzzers       0.29      0.49      0.36      4849\n       Generic       0.65      0.95      0.77     10000\n        Normal       0.86      0.79      0.82     10000\nReconnaissance       0.03      0.00      0.00      2798\n     Shellcode       0.04      0.11      0.06       302\n         Worms       0.01      0.60      0.01        35\n\n      accuracy                           0.51     41161\n     macro avg       0.30      0.33      0.24     41161\n  weighted avg       0.59      0.51      0.48     41161\n",
  "training_time": 109.7326967716217
}