{
  "accuracy": 0.9868985287497927,
  "f1_macro": 0.9591886838938646,
  "f1_weighted": 0.9873099174896713,
  "precision_macro": 0.947522962265625,
  "recall_macro": 0.9784590909090909,
  "mcc": 0.9849903514759049,
  "balanced_accuracy": 0.9784590909090909,
  "per_class": {
    "Backdoor": {
      "precision": 1.0,
      "recall": 0.99925,
      "f1": 0.9996248593222459,
      "support": 4000.0
    },
    "DDoS": {
      "precision": 0.982420894023104,
      "recall": 0.978,
      "f1": 0.9802054622901528,
      "support": 4000.0
    },
    "DoS": {
      "precision": 0.9898759807643635,
      "recall": 0.97775,
      "f1": 0.9837756257074581,
      "support": 4000.0
    },
    "Injection": {
      "precision": 0.9802281368821293,
      "recall": 0.96675,
      "f1": 0.9734424166142228,
      "support": 4000.0
    },
    "MITM": {
      "precision": 0.5740181268882175,
      "recall": 0.9090909090909091,
      "f1": 0.7037037037037037,
      "support": 209.0
    },
    "Normal": {
      "precision": 0.9971910112359551,
      "recall": 0.994,
      "f1": 0.9955929487179487,
      "support": 10000.0
    },
    "Password": {
      "precision": 0.9972250252270434,
      "recall": 0.98825,
      "f1": 0.9927172275238574,
      "support": 4000.0
    },
    "Ransomware": {
      "precision": 0.9994994994994995,
      "recall": 0.9985,
      "f1": 0.9989994997498749,
      "support": 4000.0
    },
    "Scanning": {
      "precision": 0.9852977822078246,
      "recall": 0.9885,
      "f1": 0.9868962935230251,
      "support": 4000.0
    },
    "XSS": {
      "precision": 0.9694731659281143,
      "recall": 0.9845,
      "f1": 0.9769288017861573,
      "support": 4000.0
    }
  },
  "confusion_matrix": [
    [
      3997,
      0,
      0,
      2,
      1,
      0,
      0,
      0,
      0,
      0
    ],
    [
      0,
      3912,
      1,
      22,
      3,
      11,
      4,
      0,
      0,
      47
    ],
    [
      0,
      1,
      3911,
      1,
      44,
      7,
      2,
      0,
      33,
      1
    ],
    [
      0,
      33,
      4,
      3867,
      8,
      0,
      1,
      0,
      15,
      72
    ],
    [
      0,
      1,
      5,
      4,
      190,
      7,
      1,
      0,
      1,
      0
    ],
    [
      0,
      18,
      5,
      0,
      28,
      9940,
      2,
      2,
      4,
      1
    ],
    [
      0,
      0,
      2,
      0,
      38,
      0,
      3953,
      0,
      4,
      3
    ],
    [
      0,
      4,
      0,
      0,
      0,
      0,
      0,
      3994,
      2,
      0
    ],
    [
      0,
      0,
      22,
      4,
      18,
      2,
      0,
      0,
      3954,
      0
    ],
    [
      0,
      13,
      1,
      45,
      1,
      1,
      1,
      0,
      0,
      3938
    ]
  ],
  "classification_report": "              precision    recall  f1-score   support\n\n    Backdoor       1.00      1.00      1.00      4000\n        DDoS       0.98      0.98      0.98      4000\n         DoS       0.99      0.98      0.98      4000\n   Injection       0.98      0.97      0.97      4000\n        MITM       0.57      0.91      0.70       209\n      Normal       1.00      0.99      1.00     10000\n    Password       1.00      0.99      0.99      4000\n  Ransomware       1.00      1.00      1.00      4000\n    Scanning       0.99      0.99      0.99      4000\n         XSS       0.97      0.98      0.98      4000\n\n    accuracy                           0.99     42209\n   macro avg       0.95      0.98      0.96     42209\nweighted avg       0.99      0.99      0.99     42209\n",
  "training_time": 1565.9732389450073
}