{
  "accuracy": 0.28834238731463807,
  "f1_macro": 0.21847392980785046,
  "f1_weighted": 0.303198078600724,
  "precision_macro": 0.2422764000017031,
  "recall_macro": 0.30830644301404403,
  "mcc": 0.2279587153218195,
  "balanced_accuracy": 0.30830644301404403,
  "per_class": {
    "Backdoor": {
      "precision": 0.04665825977301387,
      "recall": 0.1413917940466613,
      "f1": 0.07016318179549878,
      "support": 4972.0
    },
    "BruteForce": {
      "precision": 0.0,
      "recall": 0.0,
      "f1": 0.0,
      "support": 10000.0
    },
    "DDoS": {
      "precision": 0.9983058026260059,
      "recall": 0.7071,
      "f1": 0.8278405432301118,
      "support": 10000.0
    },
    "Injection": {
      "precision": 0.1791651274473587,
      "recall": 0.1455,
      "f1": 0.1605871640637934,
      "support": 10000.0
    },
    "MITM": {
      "precision": 0.020056124133377352,
      "recall": 1.0,
      "f1": 0.03932356986811231,
      "support": 243.0
    },
    "Malware": {
      "precision": 0.0,
      "recall": 0.0,
      "f1": 0.0,
      "support": 7527.0
    },
    "Normal": {
      "precision": 0.5729830561168973,
      "recall": 0.3686,
      "f1": 0.44860950526379845,
      "support": 10000.0
    },
    "Ransomware": {
      "precision": 0.027064431800707365,
      "recall": 0.08054919908466819,
      "f1": 0.040515653775322284,
      "support": 2185.0
    },
    "Reconnaissance": {
      "precision": 0.5344430217669655,
      "recall": 0.6261,
      "f1": 0.5766520838130325,
      "support": 10000.0
    },
    "XSS": {
      "precision": 0.04408817635270541,
      "recall": 0.013823437009110902,
      "f1": 0.021047596268835206,
      "support": 3183.0
    }
  },
  "confusion_matrix": [
    [
      703,
      0,
      0,
      162,
      326,
      0,
      1415,
      208,
      2158,
      0
    ],
    [
      3366,
      0,
      0,
      1924,
      2335,
      0,
      263,
      1174,
      664,
      274
    ],
    [
      411,
      0,
      7071,
      53,
      611,
      0,
      20,
      308,
      1516,
      10
    ],
    [
      4210,
      0,
      0,
      1455,
      2804,
      0,
      185,
      1285,
      0,
      61
    ],
    [
      0,
      0,
      0,
      0,
      243,
      0,
      0,
      0,
      0,
      0
    ],
    [
      1917,
      0,
      0,
      1727,
      2389,
      0,
      283,
      1072,
      76,
      63
    ],
    [
      2205,
      0,
      1,
      852,
      1762,
      74,
      3686,
      881,
      0,
      539
    ],
    [
      541,
      0,
      0,
      116,
      389,
      0,
      131,
      176,
      832,
      0
    ],
    [
      453,
      0,
      11,
      1445,
      523,
      0,
      303,
      997,
      6261,
      7
    ],
    [
      1261,
      0,
      0,
      387,
      734,
      0,
      147,
      402,
      208,
      44
    ]
  ],
  "classification_report": "                precision    recall  f1-score   support\n\n      Backdoor       0.05      0.14      0.07      4972\n    BruteForce       0.00      0.00      0.00     10000\n          DDoS       1.00      0.71      0.83     10000\n     Injection       0.18      0.15      0.16     10000\n          MITM       0.02      1.00      0.04       243\n       Malware       0.00      0.00      0.00      7527\n        Normal       0.57      0.37      0.45     10000\n    Ransomware       0.03      0.08      0.04      2185\nReconnaissance       0.53      0.63      0.58     10000\n           XSS       0.04      0.01      0.02      3183\n\n      accuracy                           0.29     68110\n     macro avg       0.24      0.31      0.22     68110\n  weighted avg       0.34      0.29      0.30     68110\n",
  "training_time": 113.74264574050903
}