{
  "accuracy": 0.10331919732758417,
  "f1_macro": 0.02824268842215457,
  "f1_weighted": 0.032944656364838204,
  "precision_macro": 0.18945377204877092,
  "recall_macro": 0.11457978468899521,
  "mcc": 0.033502511395578805,
  "balanced_accuracy": 0.11457978468899521,
  "per_class": {
    "Backdoor": {
      "precision": 0.010810810810810811,
      "recall": 0.0005,
      "f1": 0.0009557945041816009,
      "support": 4000.0
    },
    "DDoS": {
      "precision": 0.7692307692307693,
      "recall": 0.0025,
      "f1": 0.0049838026414154,
      "support": 4000.0
    },
    "DoS": {
      "precision": 0.0,
      "recall": 0.0,
      "f1": 0.0,
      "support": 4000.0
    },
    "Injection": {
      "precision": 0.0,
      "recall": 0.0,
      "f1": 0.0,
      "support": 4000.0
    },
    "MITM": {
      "precision": 0.0178988326848249,
      "recall": 0.11004784688995216,
      "f1": 0.030789825970548863,
      "support": 209.0
    },
    "Normal": {
      "precision": 0.9878419452887538,
      "recall": 0.0325,
      "f1": 0.0629296156452706,
      "support": 10000.0
    },
    "Password": {
      "precision": 0.00847457627118644,
      "recall": 0.00025,
      "f1": 0.00048567265662943174,
      "support": 4000.0
    },
    "Ransomware": {
      "precision": 0.10028078620136383,
      "recall": 1.0,
      "f1": 0.18228217280349981,
      "support": 4000.0
    },
    "Scanning": {
      "precision": 0.0,
      "recall": 0.0,
      "f1": 0.0,
      "support": 4000.0
    },
    "XSS": {
      "precision": 0.0,
      "recall": 0.0,
      "f1": 0.0,
      "support": 4000.0
    }
  },
  "confusion_matrix": [
    [
      2,
      0,
      4,
      0,
      0,
      0,
      0,
      3994,
      0,
      0
    ],
    [
      17,
      10,
      0,
      0,
      790,
      3,
      24,
      2966,
      190,
      0
    ],
    [
      7,
      0,
      0,
      0,
      7,
      0,
      0,
      3984,
      2,
      0
    ],
    [
      46,
      0,
      6,
      0,
      21,
      0,
      66,
      3846,
      15,
      0
    ],
    [
      16,
      0,
      3,
      0,
      23,
      0,
      0,
      163,
      4,
      0
    ],
    [
      65,
      3,
      8,
      0,
      47,
      325,
      9,
      9510,
      33,
      0
    ],
    [
      3,
      0,
      0,
      0,
      7,
      1,
      1,
      3983,
      5,
      0
    ],
    [
      0,
      0,
      0,
      0,
      0,
      0,
      0,
      4000,
      0,
      0
    ],
    [
      0,
      0,
      0,
      0,
      5,
      0,
      0,
      3995,
      0,
      0
    ],
    [
      29,
      0,
      1,
      0,
      385,
      0,
      18,
      3447,
      120,
      0
    ]
  ],
  "classification_report": "              precision    recall  f1-score   support\n\n    Backdoor       0.01      0.00      0.00      4000\n        DDoS       0.77      0.00      0.00      4000\n         DoS       0.00      0.00      0.00      4000\n   Injection       0.00      0.00      0.00      4000\n        MITM       0.02      0.11      0.03       209\n      Normal       0.99      0.03      0.06     10000\n    Password       0.01      0.00      0.00      4000\n  Ransomware       0.10      1.00      0.18      4000\n    Scanning       0.00      0.00      0.00      4000\n         XSS       0.00      0.00      0.00      4000\n\n    accuracy                           0.10     42209\n   macro avg       0.19      0.11      0.03     42209\nweighted avg       0.32      0.10      0.03     42209\n",
  "training_time": 0.09036922454833984
}