{
  "accuracy": 0.19530623648599402,
  "f1_macro": 0.13370350363152095,
  "f1_weighted": 0.27664541301247003,
  "precision_macro": 0.31245776915810586,
  "recall_macro": 0.205735040816436,
  "mcc": 0.20201471091752374,
  "balanced_accuracy": 0.205735040816436,
  "per_class": {
    "Analysis": {
      "precision": 0.011267605633802818,
      "recall": 0.014953271028037384,
      "f1": 0.01285140562248996,
      "support": 535.0
    },
    "Backdoor": {
      "precision": 0.030612244897959183,
      "recall": 0.05793991416309013,
      "f1": 0.040059347181008904,
      "support": 466.0
    },
    "DoS": {
      "precision": 0.1271186440677966,
      "recall": 0.009171507184347295,
      "f1": 0.01710863986313088,
      "support": 3271.0
    },
    "Exploits": {
      "precision": 0.7304625199362041,
      "recall": 0.05143177989893318,
      "f1": 0.0960973562736047,
      "support": 8905.0
    },
    "Fuzzers": {
      "precision": 0.35123523093447906,
      "recall": 0.13487316972571664,
      "f1": 0.19490388913723738,
      "support": 4849.0
    },
    "Generic": {
      "precision": 0.880275624461671,
      "recall": 0.2044,
      "f1": 0.33176432397338096,
      "support": 10000.0
    },
    "Normal": {
      "precision": 0.9791711868084183,
      "recall": 0.4513,
      "f1": 0.6178383188445479,
      "support": 10000.0
    },
    "Reconnaissance": {
      "precision": 0.0013623978201634877,
      "recall": 0.00035739814152966406,
      "f1": 0.0005662514156285391,
      "support": 2798.0
    },
    "Shellcode": {
      "precision": 0.011642848798722792,
      "recall": 0.9900662251655629,
      "f1": 0.02301504830081207,
      "support": 302.0
    },
    "Worms": {
      "precision": 0.001429388221841052,
      "recall": 0.14285714285714285,
      "f1": 0.002830455703368242,
      "support": 35.0
    }
  },
  "confusion_matrix": [
    [
      8,
      24,
      1,
      1,
      12,
      0,
      0,
      101,
      388,
      0
    ],
    [
      3,
      27,
      1,
      1,
      4,
      0,
      0,
      1,
      428,
      1
    ],
    [
      38,
      219,
      30,
      53,
      86,
      5,
      5,
      95,
      2694,
      46
    ],
    [
      518,
      426,
      23,
      458,
      785,
      79,
      63,
      371,
      5393,
      789
    ],
    [
      57,
      111,
      6,
      25,
      654,
      0,
      21,
      7,
      3968,
      0
    ],
    [
      7,
      11,
      7,
      8,
      19,
      2044,
      7,
      19,
      7844,
      34
    ],
    [
      40,
      21,
      165,
      78,
      299,
      194,
      4513,
      139,
      1932,
      2619
    ],
    [
      35,
      43,
      3,
      2,
      3,
      0,
      0,
      1,
      2707,
      4
    ],
    [
      3,
      0,
      0,
      0,
      0,
      0,
      0,
      0,
      299,
      0
    ],
    [
      1,
      0,
      0,
      1,
      0,
      0,
      0,
      0,
      28,
      5
    ]
  ],
  "classification_report": "                precision    recall  f1-score   support\n\n      Analysis       0.01      0.01      0.01       535\n      Backdoor       0.03      0.06      0.04       466\n           DoS       0.13      0.01      0.02      3271\n      Exploits       0.73      0.05      0.10      8905\n       Fuzzers       0.35      0.13      0.19      4849\n       Generic       0.88      0.20      0.33     10000\n        Normal       0.98      0.45      0.62     10000\nReconnaissance       0.00      0.00      0.00      2798\n     Shellcode       0.01      0.99      0.02       302\n         Worms       0.00      0.14      0.00        35\n\n      accuracy                           0.20     41161\n     macro avg       0.31      0.21      0.13     41161\n  weighted avg       0.66      0.20      0.28     41161\n",
  "training_time": 0.253690242767334
}