{
  "accuracy": 0.9887701674998223,
  "f1_macro": 0.965053140538001,
  "f1_weighted": 0.9889857527288984,
  "precision_macro": 0.955914963408883,
  "recall_macro": 0.9778367464114833,
  "mcc": 0.9871282058703634,
  "balanced_accuracy": 0.9778367464114833,
  "per_class": {
    "Backdoor": {
      "precision": 1.0,
      "recall": 0.9995,
      "f1": 0.9997499374843711,
      "support": 4000.0
    },
    "DDoS": {
      "precision": 0.9852315394242803,
      "recall": 0.984,
      "f1": 0.9846153846153847,
      "support": 4000.0
    },
    "DoS": {
      "precision": 0.9874245472837022,
      "recall": 0.9815,
      "f1": 0.9844533600802408,
      "support": 4000.0
    },
    "Injection": {
      "precision": 0.979550618530674,
      "recall": 0.97,
      "f1": 0.974751915588494,
      "support": 4000.0
    },
    "MITM": {
      "precision": 0.6491228070175439,
      "recall": 0.8851674641148325,
      "f1": 0.7489878542510121,
      "support": 209.0
    },
    "Normal": {
      "precision": 0.9975966352894051,
      "recall": 0.9962,
      "f1": 0.9968978284799359,
      "support": 10000.0
    },
    "Password": {
      "precision": 0.9962273641851107,
      "recall": 0.99025,
      "f1": 0.9932296890672017,
      "support": 4000.0
    },
    "Ransomware": {
      "precision": 1.0,
      "recall": 0.99925,
      "f1": 0.9996248593222459,
      "support": 4000.0
    },
    "Scanning": {
      "precision": 0.9892311545204108,
      "recall": 0.9875,
      "f1": 0.9883648192168147,
      "support": 4000.0
    },
    "XSS": {
      "precision": 0.974764967837704,
      "recall": 0.985,
      "f1": 0.9798557572743098,
      "support": 4000.0
    }
  },
  "confusion_matrix": [
    [
      3998,
      0,
      0,
      2,
      0,
      0,
      0,
      0,
      0,
      0
    ],
    [
      0,
      3936,
      3,
      13,
      1,
      8,
      1,
      0,
      0,
      38
    ],
    [
      0,
      0,
      3926,
      5,
      32,
      6,
      4,
      0,
      26,
      1
    ],
    [
      0,
      33,
      7,
      3880,
      6,
      1,
      2,
      0,
      12,
      59
    ],
    [
      0,
      0,
      8,
      6,
      185,
      5,
      3,
      0,
      2,
      0
    ],
    [
      0,
      9,
      5,
      0,
      19,
      9962,
      1,
      0,
      2,
      2
    ],
    [
      0,
      1,
      2,
      2,
      30,
      1,
      3961,
      0,
      1,
      2
    ],
    [
      0,
      3,
      0,
      0,
      0,
      0,
      0,
      3997,
      0,
      0
    ],
    [
      0,
      0,
      25,
      8,
      12,
      1,
      4,
      0,
      3950,
      0
    ],
    [
      0,
      13,
      0,
      45,
      0,
      2,
      0,
      0,
      0,
      3940
    ]
  ],
  "classification_report": "              precision    recall  f1-score   support\n\n    Backdoor       1.00      1.00      1.00      4000\n        DDoS       0.99      0.98      0.98      4000\n         DoS       0.99      0.98      0.98      4000\n   Injection       0.98      0.97      0.97      4000\n        MITM       0.65      0.89      0.75       209\n      Normal       1.00      1.00      1.00     10000\n    Password       1.00      0.99      0.99      4000\n  Ransomware       1.00      1.00      1.00      4000\n    Scanning       0.99      0.99      0.99      4000\n         XSS       0.97      0.98      0.98      4000\n\n    accuracy                           0.99     42209\n   macro avg       0.96      0.98      0.97     42209\nweighted avg       0.99      0.99      0.99     42209\n",
  "training_time": 860.3538243770599
}