{
  "n_estimators": 250,
  "max_depth": 12,
  "learning_rate": 0.1205712628744377,
  "num_leaves": 98,
  "min_child_samples": 19,
  "subsample": 0.662397808134481,
  "colsample_bytree": 0.6232334448672797,
  "reg_alpha": 0.6245760287469893,
  "reg_lambda": 0.002570603566117598,
  "verbose": -1,
  "random_state": 42,
  "n_jobs": -1
}