{
  "accuracy": 0.9110556452796946,
  "f1_macro": 0.862592546328564,
  "f1_weighted": 0.9142826162900515,
  "precision_macro": 0.8529253591201534,
  "recall_macro": 0.9127535740651599,
  "mcc": 0.8984206722942869,
  "balanced_accuracy": 0.9127535740651599,
  "per_class": {
    "Backdoor": {
      "precision": 0.9934266327396098,
      "recall": 0.9422767497988737,
      "f1": 0.967175887696119,
      "support": 4972.0
    },
    "BruteForce": {
      "precision": 0.7828333182271368,
      "recall": 0.8637,
      "f1": 0.8212808443873912,
      "support": 10000.0
    },
    "DDoS": {
      "precision": 0.9975513680400299,
      "recall": 0.937,
      "f1": 0.9663280565152375,
      "support": 10000.0
    },
    "Injection": {
      "precision": 0.8426362436356779,
      "recall": 0.8937,
      "f1": 0.8674172571095797,
      "support": 10000.0
    },
    "MITM": {
      "precision": 0.30527638190954776,
      "recall": 1.0,
      "f1": 0.46775745909528393,
      "support": 243.0
    },
    "Malware": {
      "precision": 0.9837273564630028,
      "recall": 0.8513351933041052,
      "f1": 0.91275550174489,
      "support": 7527.0
    },
    "Normal": {
      "precision": 0.9685807150595883,
      "recall": 0.9834,
      "f1": 0.9759341041036074,
      "support": 10000.0
    },
    "Ransomware": {
      "precision": 0.7799377916018663,
      "recall": 0.9180778032036613,
      "f1": 0.8433886903510616,
      "support": 2185.0
    },
    "Reconnaissance": {
      "precision": 0.9947022674295402,
      "recall": 0.9388,
      "f1": 0.9659429982508488,
      "support": 10000.0
    },
    "XSS": {
      "precision": 0.8805815160955348,
      "recall": 0.7992459943449576,
      "f1": 0.8379446640316206,
      "support": 3183.0
    }
  },
  "confusion_matrix": [
    [
      4685,
      0,
      1,
      0,
      85,
      1,
      0,
      200,
      0,
      0
    ],
    [
      0,
      8637,
      1,
      958,
      12,
      56,
      264,
      3,
      7,
      62
    ],
    [
      0,
      424,
      9370,
      151,
      0,
      3,
      11,
      0,
      36,
      5
    ],
    [
      0,
      1035,
      11,
      8937,
      8,
      0,
      0,
      2,
      6,
      1
    ],
    [
      0,
      0,
      0,
      0,
      243,
      0,
      0,
      0,
      0,
      0
    ],
    [
      0,
      484,
      0,
      304,
      13,
      6408,
      3,
      97,
      0,
      218
    ],
    [
      0,
      31,
      1,
      2,
      49,
      13,
      9834,
      14,
      0,
      56
    ],
    [
      25,
      0,
      0,
      0,
      144,
      10,
      0,
      2006,
      0,
      0
    ],
    [
      6,
      125,
      9,
      65,
      121,
      5,
      39,
      239,
      9388,
      3
    ],
    [
      0,
      297,
      0,
      189,
      121,
      18,
      2,
      11,
      1,
      2544
    ]
  ],
  "classification_report": "                precision    recall  f1-score   support\n\n      Backdoor       0.99      0.94      0.97      4972\n    BruteForce       0.78      0.86      0.82     10000\n          DDoS       1.00      0.94      0.97     10000\n     Injection       0.84      0.89      0.87     10000\n          MITM       0.31      1.00      0.47       243\n       Malware       0.98      0.85      0.91      7527\n        Normal       0.97      0.98      0.98     10000\n    Ransomware       0.78      0.92      0.84      2185\nReconnaissance       0.99      0.94      0.97     10000\n           XSS       0.88      0.80      0.84      3183\n\n      accuracy                           0.91     68110\n     macro avg       0.85      0.91      0.86     68110\n  weighted avg       0.92      0.91      0.91     68110\n",
  "training_time": 1519.6584873199463
}