{
  "accuracy": 0.9761899121040536,
  "f1_macro": 0.9374929609414527,
  "f1_weighted": 0.9770101481802955,
  "precision_macro": 0.9257671256104073,
  "recall_macro": 0.9596462440191388,
  "mcc": 0.9727353339917748,
  "balanced_accuracy": 0.9596462440191388,
  "per_class": {
    "Backdoor": {
      "precision": 0.9982517482517482,
      "recall": 0.99925,
      "f1": 0.9987506246876562,
      "support": 4000.0
    },
    "DDoS": {
      "precision": 0.958540218470705,
      "recall": 0.96525,
      "f1": 0.9618834080717489,
      "support": 4000.0
    },
    "DoS": {
      "precision": 0.9789050728277248,
      "recall": 0.9745,
      "f1": 0.9766975695314457,
      "support": 4000.0
    },
    "Injection": {
      "precision": 0.9588353413654619,
      "recall": 0.955,
      "f1": 0.9569138276553106,
      "support": 4000.0
    },
    "MITM": {
      "precision": 0.4470899470899471,
      "recall": 0.8086124401913876,
      "f1": 0.575809199318569,
      "support": 209.0
    },
    "Normal": {
      "precision": 0.9934150541991693,
      "recall": 0.9806,
      "f1": 0.9869659302501133,
      "support": 10000.0
    },
    "Password": {
      "precision": 0.9929292929292929,
      "recall": 0.983,
      "f1": 0.9879396984924623,
      "support": 4000.0
    },
    "Ransomware": {
      "precision": 0.9945232760766741,
      "recall": 0.99875,
      "f1": 0.9966321566670825,
      "support": 4000.0
    },
    "Scanning": {
      "precision": 0.98168130489335,
      "recall": 0.978,
      "f1": 0.9798371947401378,
      "support": 4000.0
    },
    "XSS": {
      "precision": 0.9535,
      "recall": 0.9535,
      "f1": 0.9535,
      "support": 4000.0
    }
  },
  "confusion_matrix": [
    [
      3997,
      0,
      1,
      2,
      0,
      0,
      0,
      0,
      0,
      0
    ],
    [
      0,
      3861,
      1,
      32,
      12,
      24,
      4,
      13,
      2,
      51
    ],
    [
      0,
      0,
      3898,
      5,
      40,
      17,
      2,
      0,
      34,
      4
    ],
    [
      0,
      55,
      8,
      3820,
      22,
      5,
      1,
      2,
      13,
      74
    ],
    [
      0,
      1,
      13,
      8,
      169,
      5,
      2,
      0,
      3,
      8
    ],
    [
      3,
      56,
      16,
      18,
      61,
      9806,
      5,
      3,
      9,
      23
    ],
    [
      0,
      2,
      3,
      8,
      32,
      2,
      3932,
      0,
      6,
      15
    ],
    [
      0,
      2,
      0,
      0,
      0,
      1,
      0,
      3995,
      1,
      1
    ],
    [
      4,
      2,
      36,
      12,
      15,
      1,
      6,
      2,
      3912,
      10
    ],
    [
      0,
      49,
      6,
      79,
      27,
      10,
      8,
      2,
      5,
      3814
    ]
  ],
  "classification_report": "              precision    recall  f1-score   support\n\n    Backdoor       1.00      1.00      1.00      4000\n        DDoS       0.96      0.97      0.96      4000\n         DoS       0.98      0.97      0.98      4000\n   Injection       0.96      0.95      0.96      4000\n        MITM       0.45      0.81      0.58       209\n      Normal       0.99      0.98      0.99     10000\n    Password       0.99      0.98      0.99      4000\n  Ransomware       0.99      1.00      1.00      4000\n    Scanning       0.98      0.98      0.98      4000\n         XSS       0.95      0.95      0.95      4000\n\n    accuracy                           0.98     42209\n   macro avg       0.93      0.96      0.94     42209\nweighted avg       0.98      0.98      0.98     42209\n",
  "training_time": 7.574630498886108
}