{
  "accuracy": 0.9090735574805462,
  "f1_macro": 0.8564285079749648,
  "f1_weighted": 0.9131857116347271,
  "precision_macro": 0.8414556493097978,
  "recall_macro": 0.9139738191130959,
  "mcc": 0.896614353697025,
  "balanced_accuracy": 0.9139738191130959,
  "per_class": {
    "Backdoor": {
      "precision": 0.9976420150053591,
      "recall": 0.9360418342719228,
      "f1": 0.9658607450451385,
      "support": 4972.0
    },
    "BruteForce": {
      "precision": 0.7584168594191725,
      "recall": 0.8853,
      "f1": 0.8169611959581046,
      "support": 10000.0
    },
    "DDoS": {
      "precision": 0.9974675530231086,
      "recall": 0.9453,
      "f1": 0.97068337012887,
      "support": 10000.0
    },
    "Injection": {
      "precision": 0.9340794627867935,
      "recall": 0.8346,
      "f1": 0.881542117771323,
      "support": 10000.0
    },
    "MITM": {
      "precision": 0.30527638190954776,
      "recall": 1.0,
      "f1": 0.46775745909528393,
      "support": 243.0
    },
    "Malware": {
      "precision": 0.9882932840418978,
      "recall": 0.852398033745184,
      "f1": 0.9153291960910194,
      "support": 7527.0
    },
    "Normal": {
      "precision": 0.9648899755501222,
      "recall": 0.9866,
      "f1": 0.9756242274412855,
      "support": 10000.0
    },
    "Ransomware": {
      "precision": 0.7723299125807678,
      "recall": 0.9299771167048055,
      "f1": 0.8438538205980066,
      "support": 2185.0
    },
    "Reconnaissance": {
      "precision": 0.9969308921579003,
      "recall": 0.942,
      "f1": 0.9686873361098257,
      "support": 10000.0
    },
    "XSS": {
      "precision": 0.6992301566233077,
      "recall": 0.827521206409048,
      "f1": 0.7579856115107914,
      "support": 3183.0
    }
  },
  "confusion_matrix": [
    [
      4654,
      0,
      1,
      0,
      85,
      2,
      2,
      227,
      0,
      1
    ],
    [
      0,
      8853,
      4,
      411,
      12,
      59,
      296,
      3,
      5,
      357
    ],
    [
      1,
      399,
      9453,
      70,
      0,
      4,
      4,
      0,
      11,
      58
    ],
    [
      0,
      1327,
      13,
      8346,
      8,
      0,
      0,
      2,
      10,
      294
    ],
    [
      0,
      0,
      0,
      0,
      243,
      0,
      0,
      0,
      0,
      0
    ],
    [
      0,
      598,
      0,
      56,
      13,
      6416,
      3,
      104,
      0,
      337
    ],
    [
      0,
      0,
      1,
      0,
      49,
      4,
      9866,
      14,
      2,
      64
    ],
    [
      5,
      0,
      0,
      0,
      144,
      4,
      0,
      2032,
      0,
      0
    ],
    [
      5,
      115,
      5,
      19,
      121,
      2,
      53,
      238,
      9420,
      22
    ],
    [
      0,
      381,
      0,
      33,
      121,
      1,
      1,
      11,
      1,
      2634
    ]
  ],
  "classification_report": "                precision    recall  f1-score   support\n\n      Backdoor       1.00      0.94      0.97      4972\n    BruteForce       0.76      0.89      0.82     10000\n          DDoS       1.00      0.95      0.97     10000\n     Injection       0.93      0.83      0.88     10000\n          MITM       0.31      1.00      0.47       243\n       Malware       0.99      0.85      0.92      7527\n        Normal       0.96      0.99      0.98     10000\n    Ransomware       0.77      0.93      0.84      2185\nReconnaissance       1.00      0.94      0.97     10000\n           XSS       0.70      0.83      0.76      3183\n\n      accuracy                           0.91     68110\n     macro avg       0.84      0.91      0.86     68110\n  weighted avg       0.92      0.91      0.91     68110\n",
  "training_time": 1.5418715476989746
}