{
  "accuracy": 0.8824895164538369,
  "f1_macro": 0.8347649356860121,
  "f1_weighted": 0.8853646882901117,
  "precision_macro": 0.8231882251880143,
  "recall_macro": 0.8816190909090909,
  "mcc": 0.8666091234110581,
  "balanced_accuracy": 0.8816190909090909,
  "per_class": {
    "Backdoor": {
      "precision": 0.9793763810459121,
      "recall": 0.99725,
      "f1": 0.9882323795367274,
      "support": 4000.0
    },
    "BruteForce": {
      "precision": 0.7318694019069633,
      "recall": 0.63325,
      "f1": 0.6789974534244739,
      "support": 4000.0
    },
    "DDoS": {
      "precision": 0.9796803034408019,
      "recall": 0.904,
      "f1": 0.9403198543752438,
      "support": 4000.0
    },
    "DoS": {
      "precision": 0.9677335415040333,
      "recall": 0.92975,
      "f1": 0.9483615963279357,
      "support": 4000.0
    },
    "Injection": {
      "precision": 0.6337868480725624,
      "recall": 0.69875,
      "f1": 0.6646848989298454,
      "support": 4000.0
    },
    "MITM": {
      "precision": 0.3001579778830964,
      "recall": 0.9090909090909091,
      "f1": 0.4513064133016627,
      "support": 209.0
    },
    "Normal": {
      "precision": 0.9961479198767335,
      "recall": 0.9051,
      "f1": 0.9484438855705752,
      "support": 10000.0
    },
    "Ransomware": {
      "precision": 0.8331925675675675,
      "recall": 0.9865,
      "f1": 0.9033882783882784,
      "support": 4000.0
    },
    "Reconnaissance": {
      "precision": 0.9826254826254827,
      "recall": 0.89075,
      "f1": 0.93443482821925,
      "support": 4000.0
    },
    "XSS": {
      "precision": 0.8273118279569892,
      "recall": 0.96175,
      "f1": 0.8894797687861272,
      "support": 4000.0
    }
  },
  "confusion_matrix": [
    [
      3989,
      0,
      0,
      0,
      2,
      4,
      4,
      0,
      1,
      0
    ],
    [
      12,
      2533,
      2,
      0,
      1365,
      44,
      1,
      0,
      35,
      8
    ],
    [
      0,
      50,
      3616,
      1,
      96,
      27,
      14,
      17,
      2,
      177
    ],
    [
      0,
      0,
      3,
      3719,
      21,
      150,
      5,
      0,
      7,
      95
    ],
    [
      0,
      784,
      45,
      13,
      2795,
      8,
      2,
      2,
      1,
      350
    ],
    [
      0,
      0,
      0,
      0,
      3,
      190,
      8,
      0,
      0,
      8
    ],
    [
      1,
      4,
      13,
      0,
      2,
      157,
      9051,
      738,
      9,
      25
    ],
    [
      0,
      0,
      2,
      0,
      0,
      13,
      1,
      3946,
      8,
      30
    ],
    [
      71,
      73,
      3,
      109,
      6,
      33,
      0,
      32,
      3563,
      110
    ],
    [
      0,
      17,
      7,
      1,
      120,
      7,
      0,
      1,
      0,
      3847
    ]
  ],
  "classification_report": "                precision    recall  f1-score   support\n\n      Backdoor       0.98      1.00      0.99      4000\n    BruteForce       0.73      0.63      0.68      4000\n          DDoS       0.98      0.90      0.94      4000\n           DoS       0.97      0.93      0.95      4000\n     Injection       0.63      0.70      0.66      4000\n          MITM       0.30      0.91      0.45       209\n        Normal       1.00      0.91      0.95     10000\n    Ransomware       0.83      0.99      0.90      4000\nReconnaissance       0.98      0.89      0.93      4000\n           XSS       0.83      0.96      0.89      4000\n\n      accuracy                           0.88     42209\n     macro avg       0.82      0.88      0.83     42209\n  weighted avg       0.89      0.88      0.89     42209\n",
  "training_time": 15180.328128099442
}