{
  "lr": 0.0016212617303489048,
  "dropout": 0.1007023074572922,
  "batch_size": 1024,
  "weight_decay": 0.0004961175723917365,
  "hidden_dim": 128,
  "num_layers": 3
}