{
  "accuracy": 0.7523972348175129,
  "f1_macro": 0.713289762930694,
  "f1_weighted": 0.7565660209965027,
  "precision_macro": 0.7282113157780983,
  "recall_macro": 0.7283798032959925,
  "mcc": 0.718224232378761,
  "balanced_accuracy": 0.7283798032959925,
  "per_class": {
    "Benign": {
      "precision": 0.6802373345504336,
      "recall": 0.7452,
      "f1": 0.7112383679312814,
      "support": 10000.0
    },
    "BruteForce": {
      "precision": 0.43064142194744975,
      "recall": 0.6138804736987056,
      "f1": 0.506188259339162,
      "support": 3631.0
    },
    "DDoS": {
      "precision": 0.94316052467208,
      "recall": 0.604,
      "f1": 0.7364057546939771,
      "support": 10000.0
    },
    "DoS": {
      "precision": 0.7082720047100383,
      "recall": 0.9624,
      "f1": 0.8160081397320672,
      "support": 10000.0
    },
    "Mirai": {
      "precision": 0.9983988792154508,
      "recall": 0.9977,
      "f1": 0.9980493172610414,
      "support": 10000.0
    },
    "Recon": {
      "precision": 0.7639836289222374,
      "recall": 0.56,
      "f1": 0.6462781304096942,
      "support": 10000.0
    },
    "Spoofing": {
      "precision": 0.9193568035083445,
      "recall": 0.7547,
      "f1": 0.8289307485309463,
      "support": 10000.0
    },
    "Web": {
      "precision": 0.38163992869875224,
      "recall": 0.589157952669235,
      "f1": 0.46321938554738207,
      "support": 3634.0
    }
  },
  "confusion_matrix": [
    [
      7452,
      855,
      0,
      0,
      0,
      808,
      206,
      679
    ],
    [
      550,
      2229,
      0,
      0,
      0,
      191,
      146,
      515
    ],
    [
      0,
      0,
      6040,
      3950,
      7,
      2,
      1,
      0
    ],
    [
      0,
      1,
      362,
      9624,
      9,
      2,
      2,
      0
    ],
    [
      0,
      0,
      2,
      14,
      9977,
      1,
      6,
      0
    ],
    [
      1352,
      1328,
      0,
      0,
      0,
      5600,
      221,
      1499
    ],
    [
      1181,
      349,
      0,
      0,
      0,
      147,
      7547,
      776
    ],
    [
      420,
      414,
      0,
      0,
      0,
      579,
      80,
      2141
    ]
  ],
  "classification_report": "              precision    recall  f1-score   support\n\n      Benign       0.68      0.75      0.71     10000\n  BruteForce       0.43      0.61      0.51      3631\n        DDoS       0.94      0.60      0.74     10000\n         DoS       0.71      0.96      0.82     10000\n       Mirai       1.00      1.00      1.00     10000\n       Recon       0.76      0.56      0.65     10000\n    Spoofing       0.92      0.75      0.83     10000\n         Web       0.38      0.59      0.46      3634\n\n    accuracy                           0.75     67265\n   macro avg       0.73      0.73      0.71     67265\nweighted avg       0.79      0.75      0.76     67265\n",
  "training_time": 3660.11510181427
}