{
  "lr": 0.0004963619414065104,
  "dropout": 0.2308315334311684,
  "batch_size": 512,
  "weight_decay": 2.9565665345288327e-05,
  "hidden_size": 512,
  "num_layers": 2
}