{
  "accuracy": 0.7775564247710212,
  "f1_macro": 0.5459545140575781,
  "f1_weighted": 0.8094860137263086,
  "precision_macro": 0.5496572550574117,
  "recall_macro": 0.6473332720476054,
  "mcc": 0.7395338124993895,
  "balanced_accuracy": 0.6473332720476054,
  "per_class": {
    "Analysis": {
      "precision": 0.12800519818063677,
      "recall": 0.36822429906542054,
      "f1": 0.18997107039537126,
      "support": 535.0
    },
    "Backdoor": {
      "precision": 0.058672009158557525,
      "recall": 0.43991416309012876,
      "f1": 0.10353535353535354,
      "support": 466.0
    },
    "DoS": {
      "precision": 0.3561847988077496,
      "recall": 0.36533170284316724,
      "f1": 0.3607002716571084,
      "support": 3271.0
    },
    "Exploits": {
      "precision": 0.8761664074650077,
      "recall": 0.5061201572150478,
      "f1": 0.6416115025980497,
      "support": 8905.0
    },
    "Fuzzers": {
      "precision": 0.8982102908277405,
      "recall": 0.8280057743864714,
      "f1": 0.8616804378152162,
      "support": 4849.0
    },
    "Generic": {
      "precision": 0.9987644151565074,
      "recall": 0.97,
      "f1": 0.984172077922078,
      "support": 10000.0
    },
    "Normal": {
      "precision": 0.9994883863706129,
      "recall": 0.9768,
      "f1": 0.9880139584281596,
      "support": 10000.0
    },
    "Reconnaissance": {
      "precision": 0.8280182232346242,
      "recall": 0.7794853466761973,
      "f1": 0.803019145802651,
      "support": 2798.0
    },
    "Shellcode": {
      "precision": 0.2896825396825397,
      "recall": 0.7251655629139073,
      "f1": 0.41398865784499056,
      "support": 302.0
    },
    "Worms": {
      "precision": 0.06338028169014084,
      "recall": 0.5142857142857142,
      "f1": 0.11285266457680251,
      "support": 35.0
    }
  },
  "confusion_matrix": [
    [
      197,
      214,
      119,
      2,
      2,
      0,
      0,
      0,
      1,
      0
    ],
    [
      77,
      205,
      148,
      13,
      7,
      0,
      0,
      5,
      10,
      1
    ],
    [
      398,
      1145,
      1195,
      353,
      44,
      0,
      1,
      25,
      86,
      24
    ],
    [
      654,
      1400,
      1492,
      4507,
      212,
      5,
      2,
      301,
      205,
      127
    ],
    [
      119,
      304,
      155,
      55,
      4015,
      7,
      1,
      75,
      109,
      9
    ],
    [
      23,
      33,
      71,
      101,
      33,
      9700,
      1,
      2,
      20,
      16
    ],
    [
      16,
      0,
      2,
      16,
      103,
      0,
      9768,
      7,
      5,
      83
    ],
    [
      55,
      190,
      166,
      69,
      36,
      0,
      0,
      2181,
      98,
      3
    ],
    [
      0,
      3,
      6,
      17,
      16,
      0,
      0,
      38,
      219,
      3
    ],
    [
      0,
      0,
      1,
      11,
      2,
      0,
      0,
      0,
      3,
      18
    ]
  ],
  "classification_report": "                precision    recall  f1-score   support\n\n      Analysis       0.13      0.37      0.19       535\n      Backdoor       0.06      0.44      0.10       466\n           DoS       0.36      0.37      0.36      3271\n      Exploits       0.88      0.51      0.64      8905\n       Fuzzers       0.90      0.83      0.86      4849\n       Generic       1.00      0.97      0.98     10000\n        Normal       1.00      0.98      0.99     10000\nReconnaissance       0.83      0.78      0.80      2798\n     Shellcode       0.29      0.73      0.41       302\n         Worms       0.06      0.51      0.11        35\n\n      accuracy                           0.78     41161\n     macro avg       0.55      0.65      0.55     41161\n  weighted avg       0.87      0.78      0.81     41161\n",
  "training_time": 4059.9347693920135
}