{
  "n_estimators": 319,
  "max_depth": 5,
  "learning_rate": 0.27051668818999286,
  "min_child_weight": 8,
  "subsample": 0.9757995766256756,
  "colsample_bytree": 0.9579309401710595,
  "reg_alpha": 0.002404915432737351,
  "reg_lambda": 1.9809253750493907,
  "random_state": 42,
  "verbosity": 0,
  "use_label_encoder": false,
  "tree_method": "hist",
  "device": "cuda"
}