{
  "accuracy": 0.98794096045867,
  "f1_macro": 0.9624026351445807,
  "f1_weighted": 0.9882514923856152,
  "precision_macro": 0.9516571742002865,
  "recall_macro": 0.9789106220095694,
  "mcc": 0.9861817533068102,
  "balanced_accuracy": 0.9789106220095694,
  "per_class": {
    "Backdoor": {
      "precision": 1.0,
      "recall": 0.99925,
      "f1": 0.9996248593222459,
      "support": 4000.0
    },
    "DDoS": {
      "precision": 0.9829531210829782,
      "recall": 0.98025,
      "f1": 0.981599699586932,
      "support": 4000.0
    },
    "DoS": {
      "precision": 0.9906471183013145,
      "recall": 0.97975,
      "f1": 0.985168426344897,
      "support": 4000.0
    },
    "Injection": {
      "precision": 0.9814861780370276,
      "recall": 0.9675,
      "f1": 0.9744429057031349,
      "support": 4000.0
    },
    "MITM": {
      "precision": 0.6096774193548387,
      "recall": 0.9043062200956937,
      "f1": 0.7283236994219653,
      "support": 209.0
    },
    "Normal": {
      "precision": 0.9973945285098708,
      "recall": 0.9953,
      "f1": 0.9963461634716452,
      "support": 10000.0
    },
    "Password": {
      "precision": 0.9967262654243264,
      "recall": 0.9895,
      "f1": 0.9930999874545227,
      "support": 4000.0
    },
    "Ransomware": {
      "precision": 1.0,
      "recall": 0.99925,
      "f1": 0.9996248593222459,
      "support": 4000.0
    },
    "Scanning": {
      "precision": 0.9865403788634097,
      "recall": 0.9895,
      "f1": 0.9880179730404394,
      "support": 4000.0
    },
    "XSS": {
      "precision": 0.9711467324290999,
      "recall": 0.9845,
      "f1": 0.9777777777777777,
      "support": 4000.0
    }
  },
  "confusion_matrix": [
    [
      3997,
      0,
      0,
      1,
      2,
      0,
      0,
      0,
      0,
      0
    ],
    [
      0,
      3921,
      2,
      21,
      1,
      10,
      1,
      0,
      0,
      44
    ],
    [
      0,
      0,
      3919,
      1,
      39,
      7,
      4,
      0,
      29,
      1
    ],
    [
      0,
      33,
      2,
      3870,
      7,
      1,
      2,
      0,
      17,
      68
    ],
    [
      0,
      0,
      6,
      4,
      189,
      7,
      1,
      0,
      2,
      0
    ],
    [
      0,
      15,
      7,
      0,
      18,
      9953,
      2,
      0,
      3,
      2
    ],
    [
      0,
      2,
      1,
      0,
      36,
      0,
      3958,
      0,
      1,
      2
    ],
    [
      0,
      1,
      0,
      0,
      0,
      0,
      0,
      3997,
      2,
      0
    ],
    [
      0,
      0,
      19,
      3,
      16,
      1,
      3,
      0,
      3958,
      0
    ],
    [
      0,
      17,
      0,
      43,
      2,
      0,
      0,
      0,
      0,
      3938
    ]
  ],
  "classification_report": "              precision    recall  f1-score   support\n\n    Backdoor       1.00      1.00      1.00      4000\n        DDoS       0.98      0.98      0.98      4000\n         DoS       0.99      0.98      0.99      4000\n   Injection       0.98      0.97      0.97      4000\n        MITM       0.61      0.90      0.73       209\n      Normal       1.00      1.00      1.00     10000\n    Password       1.00      0.99      0.99      4000\n  Ransomware       1.00      1.00      1.00      4000\n    Scanning       0.99      0.99      0.99      4000\n         XSS       0.97      0.98      0.98      4000\n\n    accuracy                           0.99     42209\n   macro avg       0.95      0.98      0.96     42209\nweighted avg       0.99      0.99      0.99     42209\n",
  "training_time": 799.2927877902985
}