{
  "accuracy": 0.10621705012025946,
  "f1_macro": 0.07032249881578745,
  "f1_weighted": 0.13703196821790425,
  "precision_macro": 0.13243695559405014,
  "recall_macro": 0.15111560701754304,
  "mcc": 0.08095680640329626,
  "balanced_accuracy": 0.15111560701754304,
  "per_class": {
    "Analysis": {
      "precision": 0.017887383573243015,
      "recall": 0.9476635514018692,
      "f1": 0.035112019114235254,
      "support": 535.0
    },
    "Backdoor": {
      "precision": 0.0,
      "recall": 0.0,
      "f1": 0.0,
      "support": 466.0
    },
    "DoS": {
      "precision": 0.060088455086167454,
      "recall": 0.12045246102109447,
      "f1": 0.08017908017908018,
      "support": 3271.0
    },
    "Exploits": {
      "precision": 0.2569798859201441,
      "recall": 0.0961257720381808,
      "f1": 0.13991500490356326,
      "support": 8905.0
    },
    "Fuzzers": {
      "precision": 0.0,
      "recall": 0.0,
      "f1": 0.0,
      "support": 4849.0
    },
    "Generic": {
      "precision": 0.0,
      "recall": 0.0,
      "f1": 0.0,
      "support": 10000.0
    },
    "Normal": {
      "precision": 0.9659763313609467,
      "recall": 0.2612,
      "f1": 0.41120906801007556,
      "support": 10000.0
    },
    "Reconnaissance": {
      "precision": 0.0,
      "recall": 0.0,
      "f1": 0.0,
      "support": 2798.0
    },
    "Shellcode": {
      "precision": 0.0,
      "recall": 0.0,
      "f1": 0.0,
      "support": 302.0
    },
    "Worms": {
      "precision": 0.0234375,
      "recall": 0.08571428571428572,
      "f1": 0.03680981595092025,
      "support": 35.0
    }
  },
  "confusion_matrix": [
    [
      507,
      0,
      28,
      0,
      0,
      0,
      0,
      0,
      0,
      0
    ],
    [
      393,
      0,
      72,
      0,
      0,
      0,
      0,
      1,
      0,
      0
    ],
    [
      2784,
      0,
      394,
      76,
      0,
      0,
      6,
      7,
      0,
      4
    ],
    [
      7266,
      0,
      689,
      856,
      0,
      0,
      49,
      14,
      0,
      31
    ],
    [
      4525,
      0,
      243,
      25,
      0,
      0,
      29,
      27,
      0,
      0
    ],
    [
      8229,
      0,
      1721,
      34,
      0,
      0,
      6,
      3,
      0,
      7
    ],
    [
      1678,
      2,
      3255,
      2336,
      0,
      0,
      2612,
      34,
      0,
      83
    ],
    [
      2651,
      0,
      143,
      3,
      0,
      0,
      1,
      0,
      0,
      0
    ],
    [
      284,
      0,
      10,
      0,
      0,
      0,
      0,
      8,
      0,
      0
    ],
    [
      27,
      0,
      2,
      1,
      0,
      0,
      1,
      1,
      0,
      3
    ]
  ],
  "classification_report": "                precision    recall  f1-score   support\n\n      Analysis       0.02      0.95      0.04       535\n      Backdoor       0.00      0.00      0.00       466\n           DoS       0.06      0.12      0.08      3271\n      Exploits       0.26      0.10      0.14      8905\n       Fuzzers       0.00      0.00      0.00      4849\n       Generic       0.00      0.00      0.00     10000\n        Normal       0.97      0.26      0.41     10000\nReconnaissance       0.00      0.00      0.00      2798\n     Shellcode       0.00      0.00      0.00       302\n         Worms       0.02      0.09      0.04        35\n\n      accuracy                           0.11     41161\n     macro avg       0.13      0.15      0.07     41161\n  weighted avg       0.30      0.11      0.14     41161\n",
  "training_time": 3350.2567086219788
}