{
  "lr": 0.0015455731618392035,
  "dropout": 0.18250993526716697,
  "batch_size": 1024,
  "weight_decay": 2.3187189007674343e-05,
  "num_filters": 128
}