{
  "accuracy": 0.8250771361240009,
  "f1_macro": 0.6242163586028672,
  "f1_weighted": 0.835627571872336,
  "precision_macro": 0.6140897956570621,
  "recall_macro": 0.6712969085232193,
  "mcc": 0.7920549830815519,
  "balanced_accuracy": 0.6712969085232193,
  "per_class": {
    "Analysis": {
      "precision": 0.3139784946236559,
      "recall": 0.27289719626168224,
      "f1": 0.292,
      "support": 535.0
    },
    "Backdoor": {
      "precision": 0.12403100775193798,
      "recall": 0.10300429184549356,
      "f1": 0.11254396248534584,
      "support": 466.0
    },
    "DoS": {
      "precision": 0.3545852847862215,
      "recall": 0.7175175787221033,
      "f1": 0.47462082912032355,
      "support": 3271.0
    },
    "Exploits": {
      "precision": 0.8233058898036733,
      "recall": 0.583941605839416,
      "f1": 0.683266539649169,
      "support": 8905.0
    },
    "Fuzzers": {
      "precision": 0.9107456140350877,
      "recall": 0.8564652505671272,
      "f1": 0.8827718142204273,
      "support": 4849.0
    },
    "Generic": {
      "precision": 0.9997942386831276,
      "recall": 0.9718,
      "f1": 0.9855983772819472,
      "support": 10000.0
    },
    "Normal": {
      "precision": 1.0,
      "recall": 0.9858,
      "f1": 0.9928492295296606,
      "support": 10000.0
    },
    "Reconnaissance": {
      "precision": 0.845427059712774,
      "recall": 0.7994996426018585,
      "f1": 0.8218221895664952,
      "support": 2798.0
    },
    "Shellcode": {
      "precision": 0.44508670520231214,
      "recall": 0.7649006622516556,
      "f1": 0.5627283800243605,
      "support": 302.0
    },
    "Worms": {
      "precision": 0.323943661971831,
      "recall": 0.6571428571428571,
      "f1": 0.4339622641509434,
      "support": 35.0
    }
  },
  "confusion_matrix": [
    [
      146,
      50,
      299,
      27,
      13,
      0,
      0,
      0,
      0,
      0
    ],
    [
      46,
      48,
      301,
      36,
      21,
      0,
      0,
      10,
      3,
      1
    ],
    [
      56,
      61,
      2347,
      650,
      58,
      1,
      0,
      35,
      61,
      2
    ],
    [
      116,
      109,
      2882,
      5200,
      152,
      1,
      0,
      300,
      100,
      45
    ],
    [
      85,
      107,
      323,
      91,
      4153,
      0,
      0,
      30,
      60,
      0
    ],
    [
      1,
      7,
      104,
      133,
      19,
      9718,
      0,
      2,
      16,
      0
    ],
    [
      11,
      0,
      0,
      14,
      107,
      0,
      9858,
      4,
      6,
      0
    ],
    [
      4,
      4,
      362,
      137,
      14,
      0,
      0,
      2237,
      40,
      0
    ],
    [
      0,
      0,
      1,
      22,
      21,
      0,
      0,
      27,
      231,
      0
    ],
    [
      0,
      1,
      0,
      6,
      2,
      0,
      0,
      1,
      2,
      23
    ]
  ],
  "classification_report": "                precision    recall  f1-score   support\n\n      Analysis       0.31      0.27      0.29       535\n      Backdoor       0.12      0.10      0.11       466\n           DoS       0.35      0.72      0.47      3271\n      Exploits       0.82      0.58      0.68      8905\n       Fuzzers       0.91      0.86      0.88      4849\n       Generic       1.00      0.97      0.99     10000\n        Normal       1.00      0.99      0.99     10000\nReconnaissance       0.85      0.80      0.82      2798\n     Shellcode       0.45      0.76      0.56       302\n         Worms       0.32      0.66      0.43        35\n\n      accuracy                           0.83     41161\n     macro avg       0.61      0.67      0.62     41161\n  weighted avg       0.87      0.83      0.84     41161\n",
  "training_time": 1957.3826344013214
}