{
  "accuracy": 0.63770162788969,
  "f1_macro": 0.5901941136715789,
  "f1_weighted": 0.6430931529433387,
  "precision_macro": 0.6032607497751687,
  "recall_macro": 0.5983675569630105,
  "mcc": 0.5849944731477359,
  "balanced_accuracy": 0.5983675569630105,
  "per_class": {
    "Benign": {
      "precision": 0.5575345207124275,
      "recall": 0.5572,
      "f1": 0.5573672101630489,
      "support": 10000.0
    },
    "BruteForce": {
      "precision": 0.31406210552890684,
      "recall": 0.3426053428807491,
      "f1": 0.32771338250790305,
      "support": 3631.0
    },
    "DDoS": {
      "precision": 0.8316058688921792,
      "recall": 0.6178,
      "f1": 0.708933386883929,
      "support": 10000.0
    },
    "DoS": {
      "precision": 0.6915286174138338,
      "recall": 0.8808,
      "f1": 0.7747723974139068,
      "support": 10000.0
    },
    "Mirai": {
      "precision": 0.9939710610932476,
      "recall": 0.9892,
      "f1": 0.9915797914995991,
      "support": 10000.0
    },
    "Recon": {
      "precision": 0.6536700635061291,
      "recall": 0.4426,
      "f1": 0.5278158726372906,
      "support": 10000.0
    },
    "Spoofing": {
      "precision": 0.5627851401260048,
      "recall": 0.5181,
      "f1": 0.5395189003436426,
      "support": 10000.0
    },
    "Web": {
      "precision": 0.22092862092862092,
      "recall": 0.43863511282333517,
      "f1": 0.2938519679233109,
      "support": 3634.0
    }
  },
  "confusion_matrix": [
    [
      5572,
      783,
      0,
      1,
      0,
      702,
      1853,
      1089
    ],
    [
      604,
      1244,
      1,
      2,
      0,
      512,
      658,
      610
    ],
    [
      3,
      0,
      6178,
      3753,
      57,
      6,
      2,
      1
    ],
    [
      3,
      0,
      1181,
      8808,
      3,
      1,
      2,
      2
    ],
    [
      3,
      0,
      41,
      46,
      9892,
      2,
      7,
      9
    ],
    [
      952,
      1028,
      13,
      7,
      0,
      4426,
      939,
      2635
    ],
    [
      2349,
      560,
      15,
      119,
      0,
      501,
      5181,
      1275
    ],
    [
      508,
      346,
      0,
      1,
      0,
      621,
      564,
      1594
    ]
  ],
  "classification_report": "              precision    recall  f1-score   support\n\n      Benign       0.56      0.56      0.56     10000\n  BruteForce       0.31      0.34      0.33      3631\n        DDoS       0.83      0.62      0.71     10000\n         DoS       0.69      0.88      0.77     10000\n       Mirai       0.99      0.99      0.99     10000\n       Recon       0.65      0.44      0.53     10000\n    Spoofing       0.56      0.52      0.54     10000\n         Web       0.22      0.44      0.29      3634\n\n    accuracy                           0.64     67265\n   macro avg       0.60      0.60      0.59     67265\nweighted avg       0.67      0.64      0.64     67265\n",
  "training_time": 84.28996014595032
}