{
  "accuracy": 0.7677544042221066,
  "f1_macro": 0.7231010925040847,
  "f1_weighted": 0.7687442978570034,
  "precision_macro": 0.7260956064403095,
  "recall_macro": 0.7231944847914227,
  "mcc": 0.7310922924567133,
  "balanced_accuracy": 0.7231944847914227,
  "per_class": {
    "Benign": {
      "precision": 0.6742512815900711,
      "recall": 0.7497,
      "f1": 0.7099767981438515,
      "support": 10000.0
    },
    "BruteForce": {
      "precision": 0.49427430093209057,
      "recall": 0.511153952079317,
      "f1": 0.5025724343352288,
      "support": 3631.0
    },
    "DDoS": {
      "precision": 0.8376366596882996,
      "recall": 0.7202,
      "f1": 0.774491880847403,
      "support": 10000.0
    },
    "DoS": {
      "precision": 0.7540983606557377,
      "recall": 0.8602,
      "f1": 0.8036623534357921,
      "support": 10000.0
    },
    "Mirai": {
      "precision": 0.9980986690683479,
      "recall": 0.9974,
      "f1": 0.9977492122242785,
      "support": 10000.0
    },
    "Recon": {
      "precision": 0.6697123870833765,
      "recall": 0.645,
      "f1": 0.657123936630839,
      "support": 10000.0
    },
    "Spoofing": {
      "precision": 0.9222466960352423,
      "recall": 0.8374,
      "f1": 0.8777777777777778,
      "support": 10000.0
    },
    "Web": {
      "precision": 0.4584464964693102,
      "recall": 0.4645019262520638,
      "f1": 0.46145434663750684,
      "support": 3634.0
    }
  },
  "confusion_matrix": [
    [
      7497,
      492,
      0,
      0,
      0,
      1404,
      243,
      364
    ],
    [
      711,
      1856,
      0,
      0,
      0,
      521,
      163,
      380
    ],
    [
      0,
      0,
      7202,
      2790,
      7,
      1,
      0,
      0
    ],
    [
      0,
      0,
      1385,
      8602,
      12,
      0,
      1,
      0
    ],
    [
      0,
      0,
      11,
      15,
      9974,
      0,
      0,
      0
    ],
    [
      1645,
      771,
      0,
      0,
      0,
      6450,
      196,
      938
    ],
    [
      712,
      287,
      0,
      0,
      0,
      315,
      8374,
      312
    ],
    [
      554,
      349,
      0,
      0,
      0,
      940,
      103,
      1688
    ]
  ],
  "classification_report": "              precision    recall  f1-score   support\n\n      Benign       0.67      0.75      0.71     10000\n  BruteForce       0.49      0.51      0.50      3631\n        DDoS       0.84      0.72      0.77     10000\n         DoS       0.75      0.86      0.80     10000\n       Mirai       1.00      1.00      1.00     10000\n       Recon       0.67      0.65      0.66     10000\n    Spoofing       0.92      0.84      0.88     10000\n         Web       0.46      0.46      0.46      3634\n\n    accuracy                           0.77     67265\n   macro avg       0.73      0.72      0.72     67265\nweighted avg       0.77      0.77      0.77     67265\n",
  "training_time": 3.5964162349700928
}