{
  "accuracy": 0.8302762323558709,
  "f1_macro": 0.6399774037778937,
  "f1_weighted": 0.841737567403289,
  "precision_macro": 0.6347826678231513,
  "recall_macro": 0.6766520332561676,
  "mcc": 0.7987326509814554,
  "balanced_accuracy": 0.6766520332561676,
  "per_class": {
    "Analysis": {
      "precision": 0.3232104121475054,
      "recall": 0.27850467289719627,
      "f1": 0.2991967871485944,
      "support": 535.0
    },
    "Backdoor": {
      "precision": 0.1232876712328767,
      "recall": 0.11587982832618025,
      "f1": 0.11946902654867257,
      "support": 466.0
    },
    "DoS": {
      "precision": 0.3585294117647059,
      "recall": 0.7453378171812901,
      "f1": 0.48416244662893454,
      "support": 3271.0
    },
    "Exploits": {
      "precision": 0.8355471220746363,
      "recall": 0.5933745087029758,
      "f1": 0.69393919495699,
      "support": 8905.0
    },
    "Fuzzers": {
      "precision": 0.9357078853046595,
      "recall": 0.8614147246855022,
      "f1": 0.8970256630516482,
      "support": 4849.0
    },
    "Generic": {
      "precision": 0.9980596405228758,
      "recall": 0.9773,
      "f1": 0.987570735650768,
      "support": 10000.0
    },
    "Normal": {
      "precision": 1.0,
      "recall": 0.9862,
      "f1": 0.9930520592085389,
      "support": 10000.0
    },
    "Reconnaissance": {
      "precision": 0.8826860841423948,
      "recall": 0.779842744817727,
      "f1": 0.8280834914611006,
      "support": 2798.0
    },
    "Shellcode": {
      "precision": 0.4726166328600406,
      "recall": 0.7715231788079471,
      "f1": 0.5861635220125786,
      "support": 302.0
    },
    "Worms": {
      "precision": 0.41818181818181815,
      "recall": 0.6571428571428571,
      "f1": 0.5111111111111111,
      "support": 35.0
    }
  },
  "confusion_matrix": [
    [
      149,
      57,
      301,
      23,
      5,
      0,
      0,
      0,
      0,
      0
    ],
    [
      52,
      54,
      305,
      36,
      6,
      0,
      0,
      7,
      5,
      1
    ],
    [
      53,
      74,
      2438,
      579,
      37,
      3,
      0,
      22,
      62,
      3
    ],
    [
      111,
      124,
      2943,
      5284,
      86,
      15,
      0,
      223,
      91,
      28
    ],
    [
      81,
      116,
      330,
      83,
      4177,
      0,
      0,
      18,
      44,
      0
    ],
    [
      1,
      6,
      97,
      96,
      13,
      9773,
      0,
      0,
      14,
      0
    ],
    [
      11,
      0,
      3,
      13,
      106,
      0,
      9862,
      2,
      3,
      0
    ],
    [
      3,
      7,
      376,
      175,
      13,
      1,
      0,
      2182,
      41,
      0
    ],
    [
      0,
      0,
      5,
      27,
      19,
      0,
      0,
      18,
      233,
      0
    ],
    [
      0,
      0,
      2,
      8,
      2,
      0,
      0,
      0,
      0,
      23
    ]
  ],
  "classification_report": "                precision    recall  f1-score   support\n\n      Analysis       0.32      0.28      0.30       535\n      Backdoor       0.12      0.12      0.12       466\n           DoS       0.36      0.75      0.48      3271\n      Exploits       0.84      0.59      0.69      8905\n       Fuzzers       0.94      0.86      0.90      4849\n       Generic       1.00      0.98      0.99     10000\n        Normal       1.00      0.99      0.99     10000\nReconnaissance       0.88      0.78      0.83      2798\n     Shellcode       0.47      0.77      0.59       302\n         Worms       0.42      0.66      0.51        35\n\n      accuracy                           0.83     41161\n     macro avg       0.63      0.68      0.64     41161\n  weighted avg       0.87      0.83      0.84     41161\n",
  "training_time": 2032.7595534324646
}