{
  "accuracy": 0.8464689472911466,
  "f1_macro": 0.7788961218308514,
  "f1_weighted": 0.8497349186607687,
  "precision_macro": 0.7641459096019478,
  "recall_macro": 0.8333082416371698,
  "mcc": 0.8243565940565354,
  "balanced_accuracy": 0.8333082416371698,
  "per_class": {
    "Backdoor": {
      "precision": 0.8764174959500116,
      "recall": 0.7616653258246179,
      "f1": 0.8150220596147638,
      "support": 4972.0
    },
    "BruteForce": {
      "precision": 0.7881248165900421,
      "recall": 0.8057,
      "f1": 0.7968155070958809,
      "support": 10000.0
    },
    "DDoS": {
      "precision": 0.9316531396838957,
      "recall": 0.8724,
      "f1": 0.9010535013426978,
      "support": 10000.0
    },
    "Injection": {
      "precision": 0.829225693770619,
      "recall": 0.8546,
      "f1": 0.841721658623067,
      "support": 10000.0
    },
    "MITM": {
      "precision": 0.30527638190954776,
      "recall": 1.0,
      "f1": 0.46775745909528393,
      "support": 243.0
    },
    "Malware": {
      "precision": 0.8605484359928345,
      "recall": 0.829679819317125,
      "f1": 0.8448322510822511,
      "support": 7527.0
    },
    "Normal": {
      "precision": 0.9522697268203514,
      "recall": 0.9377,
      "f1": 0.9449287045901144,
      "support": 10000.0
    },
    "Ransomware": {
      "precision": 0.5353377586880125,
      "recall": 0.6274599542334096,
      "f1": 0.5777496839443742,
      "support": 2185.0
    },
    "Reconnaissance": {
      "precision": 0.9150226058364159,
      "recall": 0.8905,
      "f1": 0.9025947699168863,
      "support": 10000.0
    },
    "XSS": {
      "precision": 0.6475830407777478,
      "recall": 0.7533773169965441,
      "f1": 0.6964856230031949,
      "support": 3183.0
    }
  },
  "confusion_matrix": [
    [
      3787,
      1,
      0,
      0,
      85,
      21,
      1,
      1006,
      70,
      1
    ],
    [
      0,
      8057,
      82,
      815,
      12,
      327,
      289,
      0,
      16,
      402
    ],
    [
      0,
      229,
      8724,
      255,
      0,
      59,
      65,
      2,
      585,
      81
    ],
    [
      0,
      926,
      83,
      8546,
      8,
      174,
      0,
      0,
      14,
      249
    ],
    [
      0,
      0,
      0,
      0,
      243,
      0,
      0,
      0,
      0,
      0
    ],
    [
      4,
      388,
      38,
      224,
      13,
      6245,
      24,
      174,
      4,
      413
    ],
    [
      31,
      254,
      8,
      43,
      49,
      80,
      9377,
      5,
      21,
      132
    ],
    [
      493,
      0,
      0,
      0,
      144,
      73,
      0,
      1371,
      104,
      0
    ],
    [
      6,
      144,
      412,
      272,
      121,
      30,
      80,
      3,
      8905,
      27
    ],
    [
      0,
      224,
      17,
      151,
      121,
      248,
      11,
      0,
      13,
      2398
    ]
  ],
  "classification_report": "                precision    recall  f1-score   support\n\n      Backdoor       0.88      0.76      0.82      4972\n    BruteForce       0.79      0.81      0.80     10000\n          DDoS       0.93      0.87      0.90     10000\n     Injection       0.83      0.85      0.84     10000\n          MITM       0.31      1.00      0.47       243\n       Malware       0.86      0.83      0.84      7527\n        Normal       0.95      0.94      0.94     10000\n    Ransomware       0.54      0.63      0.58      2185\nReconnaissance       0.92      0.89      0.90     10000\n           XSS       0.65      0.75      0.70      3183\n\n      accuracy                           0.85     68110\n     macro avg       0.76      0.83      0.78     68110\n  weighted avg       0.86      0.85      0.85     68110\n",
  "training_time": 20.136630296707153
}