{
  "accuracy": 0.9879172688289227,
  "f1_macro": 0.9629067613628429,
  "f1_weighted": 0.9882142881455139,
  "precision_macro": 0.9522337708991557,
  "recall_macro": 0.979189090909091,
  "mcc": 0.9861523257277759,
  "balanced_accuracy": 0.979189090909091,
  "per_class": {
    "Backdoor": {
      "precision": 1.0,
      "recall": 0.99925,
      "f1": 0.9996248593222459,
      "support": 4000.0
    },
    "DDoS": {
      "precision": 0.9824605362064646,
      "recall": 0.98025,
      "f1": 0.9813540232761857,
      "support": 4000.0
    },
    "DoS": {
      "precision": 0.9903943377148635,
      "recall": 0.9795,
      "f1": 0.9849170437405732,
      "support": 4000.0
    },
    "Injection": {
      "precision": 0.9775931520644512,
      "recall": 0.97075,
      "f1": 0.9741595584545911,
      "support": 4000.0
    },
    "MITM": {
      "precision": 0.6168831168831169,
      "recall": 0.9090909090909091,
      "f1": 0.7350096711798839,
      "support": 209.0
    },
    "Normal": {
      "precision": 0.9975968759387204,
      "recall": 0.9963,
      "f1": 0.9969480162105369,
      "support": 10000.0
    },
    "Password": {
      "precision": 0.9967246157722348,
      "recall": 0.989,
      "f1": 0.9928472832224872,
      "support": 4000.0
    },
    "Ransomware": {
      "precision": 1.0,
      "recall": 0.99925,
      "f1": 0.9996248593222459,
      "support": 4000.0
    },
    "Scanning": {
      "precision": 0.9865235837284752,
      "recall": 0.98825,
      "f1": 0.9873860372174348,
      "support": 4000.0
    },
    "XSS": {
      "precision": 0.9741614906832298,
      "recall": 0.98025,
      "f1": 0.9771962616822429,
      "support": 4000.0
    }
  },
  "confusion_matrix": [
    [
      3997,
      0,
      0,
      3,
      0,
      0,
      0,
      0,
      0,
      0
    ],
    [
      0,
      3921,
      1,
      24,
      2,
      11,
      0,
      0,
      0,
      41
    ],
    [
      0,
      0,
      3918,
      4,
      36,
      5,
      4,
      0,
      32,
      1
    ],
    [
      0,
      32,
      4,
      3883,
      8,
      1,
      2,
      0,
      13,
      57
    ],
    [
      0,
      0,
      5,
      5,
      190,
      4,
      4,
      0,
      1,
      0
    ],
    [
      0,
      6,
      4,
      1,
      21,
      9963,
      1,
      0,
      2,
      2
    ],
    [
      0,
      0,
      3,
      0,
      34,
      0,
      3956,
      0,
      4,
      3
    ],
    [
      0,
      1,
      0,
      0,
      0,
      0,
      0,
      3997,
      2,
      0
    ],
    [
      0,
      0,
      21,
      8,
      16,
      0,
      2,
      0,
      3953,
      0
    ],
    [
      0,
      31,
      0,
      44,
      1,
      3,
      0,
      0,
      0,
      3921
    ]
  ],
  "classification_report": "              precision    recall  f1-score   support\n\n    Backdoor       1.00      1.00      1.00      4000\n        DDoS       0.98      0.98      0.98      4000\n         DoS       0.99      0.98      0.98      4000\n   Injection       0.98      0.97      0.97      4000\n        MITM       0.62      0.91      0.74       209\n      Normal       1.00      1.00      1.00     10000\n    Password       1.00      0.99      0.99      4000\n  Ransomware       1.00      1.00      1.00      4000\n    Scanning       0.99      0.99      0.99      4000\n         XSS       0.97      0.98      0.98      4000\n\n    accuracy                           0.99     42209\n   macro avg       0.95      0.98      0.96     42209\nweighted avg       0.99      0.99      0.99     42209\n",
  "training_time": 510.3760323524475
}