{
  "accuracy": 0.9078989869329026,
  "f1_macro": 0.8578635648164059,
  "f1_weighted": 0.9117696673088479,
  "precision_macro": 0.8465609150431513,
  "recall_macro": 0.9097269182198516,
  "mcc": 0.8951505030077596,
  "balanced_accuracy": 0.9097269182198516,
  "per_class": {
    "Backdoor": {
      "precision": 0.9940615058324497,
      "recall": 0.9426790024135157,
      "f1": 0.9676886548983173,
      "support": 4972.0
    },
    "BruteForce": {
      "precision": 0.7472783179589463,
      "recall": 0.8992,
      "f1": 0.816230200154314,
      "support": 10000.0
    },
    "DDoS": {
      "precision": 0.9979720354360124,
      "recall": 0.935,
      "f1": 0.9654602715679694,
      "support": 10000.0
    },
    "Injection": {
      "precision": 0.8956990383599281,
      "recall": 0.8476,
      "f1": 0.870985973385398,
      "support": 10000.0
    },
    "MITM": {
      "precision": 0.30527638190954776,
      "recall": 1.0,
      "f1": 0.46775745909528393,
      "support": 243.0
    },
    "Malware": {
      "precision": 0.9718373493975904,
      "recall": 0.8573136707851734,
      "f1": 0.9109903296393026,
      "support": 7527.0
    },
    "Normal": {
      "precision": 0.9763692800640833,
      "recall": 0.9751,
      "f1": 0.975734227247711,
      "support": 10000.0
    },
    "Ransomware": {
      "precision": 0.7872255489021956,
      "recall": 0.9025171624713959,
      "f1": 0.8409381663113007,
      "support": 2185.0
    },
    "Reconnaissance": {
      "precision": 0.9980808188506237,
      "recall": 0.9361,
      "f1": 0.9660973218432324,
      "support": 10000.0
    },
    "XSS": {
      "precision": 0.7918088737201365,
      "recall": 0.8017593465284323,
      "f1": 0.7967530440212302,
      "support": 3183.0
    }
  },
  "confusion_matrix": [
    [
      4687,
      0,
      0,
      0,
      85,
      4,
      0,
      195,
      0,
      1
    ],
    [
      0,
      8992,
      1,
      547,
      12,
      72,
      197,
      3,
      0,
      176
    ],
    [
      0,
      361,
      9350,
      206,
      0,
      7,
      12,
      0,
      14,
      50
    ],
    [
      0,
      1391,
      4,
      8476,
      8,
      8,
      0,
      2,
      4,
      107
    ],
    [
      0,
      0,
      0,
      0,
      243,
      0,
      0,
      0,
      0,
      0
    ],
    [
      0,
      616,
      0,
      112,
      13,
      6453,
      5,
      70,
      0,
      258
    ],
    [
      0,
      120,
      0,
      0,
      49,
      3,
      9751,
      14,
      0,
      63
    ],
    [
      23,
      0,
      0,
      0,
      144,
      46,
      0,
      1972,
      0,
      0
    ],
    [
      5,
      175,
      11,
      43,
      121,
      11,
      19,
      238,
      9361,
      16
    ],
    [
      0,
      378,
      3,
      79,
      121,
      36,
      3,
      11,
      0,
      2552
    ]
  ],
  "classification_report": "                precision    recall  f1-score   support\n\n      Backdoor       0.99      0.94      0.97      4972\n    BruteForce       0.75      0.90      0.82     10000\n          DDoS       1.00      0.94      0.97     10000\n     Injection       0.90      0.85      0.87     10000\n          MITM       0.31      1.00      0.47       243\n       Malware       0.97      0.86      0.91      7527\n        Normal       0.98      0.98      0.98     10000\n    Ransomware       0.79      0.90      0.84      2185\nReconnaissance       1.00      0.94      0.97     10000\n           XSS       0.79      0.80      0.80      3183\n\n      accuracy                           0.91     68110\n     macro avg       0.85      0.91      0.86     68110\n  weighted avg       0.92      0.91      0.91     68110\n",
  "training_time": 815.1812620162964
}