{
  "accuracy": 0.9859982468193987,
  "f1_macro": 0.9582134746324057,
  "f1_weighted": 0.9862884317952741,
  "precision_macro": 0.9488090155373525,
  "recall_macro": 0.9719474641148326,
  "mcc": 0.9839517384906219,
  "balanced_accuracy": 0.9719474641148326,
  "per_class": {
    "Backdoor": {
      "precision": 1.0,
      "recall": 0.99925,
      "f1": 0.9996248593222459,
      "support": 4000.0
    },
    "DDoS": {
      "precision": 0.9755061234691327,
      "recall": 0.97575,
      "f1": 0.9756280464941882,
      "support": 4000.0
    },
    "DoS": {
      "precision": 0.9906210392902408,
      "recall": 0.977,
      "f1": 0.983763373190686,
      "support": 4000.0
    },
    "Injection": {
      "precision": 0.9716933867735471,
      "recall": 0.96975,
      "f1": 0.9707207207207207,
      "support": 4000.0
    },
    "MITM": {
      "precision": 0.6013513513513513,
      "recall": 0.8516746411483254,
      "f1": 0.7049504950495049,
      "support": 209.0
    },
    "Normal": {
      "precision": 0.9965938689641355,
      "recall": 0.9948,
      "f1": 0.9956961265138625,
      "support": 10000.0
    },
    "Password": {
      "precision": 0.9954682779456193,
      "recall": 0.9885,
      "f1": 0.9919719016557953,
      "support": 4000.0
    },
    "Ransomware": {
      "precision": 1.0,
      "recall": 0.999,
      "f1": 0.9994997498749375,
      "support": 4000.0
    },
    "Scanning": {
      "precision": 0.9821693907875185,
      "recall": 0.9915,
      "f1": 0.9868126399601891,
      "support": 4000.0
    },
    "XSS": {
      "precision": 0.9746867167919799,
      "recall": 0.97225,
      "f1": 0.9734668335419274,
      "support": 4000.0
    }
  },
  "confusion_matrix": [
    [
      3997,
      0,
      0,
      2,
      1,
      0,
      0,
      0,
      0,
      0
    ],
    [
      0,
      3903,
      3,
      37,
      3,
      11,
      2,
      0,
      0,
      41
    ],
    [
      0,
      0,
      3908,
      0,
      39,
      4,
      5,
      0,
      41,
      3
    ],
    [
      0,
      36,
      1,
      3879,
      9,
      0,
      2,
      0,
      20,
      53
    ],
    [
      0,
      4,
      9,
      5,
      178,
      9,
      2,
      0,
      2,
      0
    ],
    [
      0,
      15,
      8,
      2,
      16,
      9948,
      4,
      0,
      4,
      3
    ],
    [
      0,
      3,
      3,
      1,
      31,
      4,
      3954,
      0,
      3,
      1
    ],
    [
      0,
      1,
      0,
      0,
      0,
      1,
      0,
      3996,
      2,
      0
    ],
    [
      0,
      1,
      13,
      2,
      13,
      2,
      3,
      0,
      3966,
      0
    ],
    [
      0,
      38,
      0,
      64,
      6,
      3,
      0,
      0,
      0,
      3889
    ]
  ],
  "classification_report": "              precision    recall  f1-score   support\n\n    Backdoor       1.00      1.00      1.00      4000\n        DDoS       0.98      0.98      0.98      4000\n         DoS       0.99      0.98      0.98      4000\n   Injection       0.97      0.97      0.97      4000\n        MITM       0.60      0.85      0.70       209\n      Normal       1.00      0.99      1.00     10000\n    Password       1.00      0.99      0.99      4000\n  Ransomware       1.00      1.00      1.00      4000\n    Scanning       0.98      0.99      0.99      4000\n         XSS       0.97      0.97      0.97      4000\n\n    accuracy                           0.99     42209\n   macro avg       0.95      0.97      0.96     42209\nweighted avg       0.99      0.99      0.99     42209\n",
  "training_time": 1.4230356216430664
}