{
  "lr": 0.0013271604970404893,
  "dropout": 0.2246596253655116,
  "batch_size": 512,
  "weight_decay": 3.56842612325542e-05,
  "hidden_size": 512,
  "num_layers": 1
}