{
  "accuracy": 0.7698208578012339,
  "f1_macro": 0.72917274799463,
  "f1_weighted": 0.7720752552752639,
  "precision_macro": 0.735220919660505,
  "recall_macro": 0.7395258849338548,
  "mcc": 0.7361335933105966,
  "balanced_accuracy": 0.7395258849338548,
  "per_class": {
    "Benign": {
      "precision": 0.71938527380605,
      "recall": 0.7396,
      "f1": 0.729352596025837,
      "support": 10000.0
    },
    "BruteForce": {
      "precision": 0.4686112872542803,
      "recall": 0.6105755990085376,
      "f1": 0.5302559196364506,
      "support": 3631.0
    },
    "DDoS": {
      "precision": 0.9209958267376601,
      "recall": 0.64,
      "f1": 0.7552067968611718,
      "support": 10000.0
    },
    "DoS": {
      "precision": 0.7237679159960144,
      "recall": 0.9443,
      "f1": 0.8194558944765046,
      "support": 10000.0
    },
    "Mirai": {
      "precision": 0.9980996199239848,
      "recall": 0.9979,
      "f1": 0.997999799979998,
      "support": 10000.0
    },
    "Recon": {
      "precision": 0.7436332767402377,
      "recall": 0.6132,
      "f1": 0.6721473199605393,
      "support": 10000.0
    },
    "Spoofing": {
      "precision": 0.8885766778342159,
      "recall": 0.8222,
      "f1": 0.8541006596374591,
      "support": 10000.0
    },
    "Web": {
      "precision": 0.41869747899159665,
      "recall": 0.5484314804623005,
      "f1": 0.4748629973790803,
      "support": 3634.0
    }
  },
  "confusion_matrix": [
    [
      7396,
      747,
      0,
      0,
      0,
      874,
      408,
      575
    ],
    [
      471,
      2217,
      0,
      0,
      0,
      399,
      175,
      369
    ],
    [
      0,
      0,
      6400,
      3589,
      9,
      1,
      1,
      0
    ],
    [
      0,
      0,
      544,
      9443,
      10,
      1,
      2,
      0
    ],
    [
      0,
      0,
      5,
      15,
      9979,
      0,
      1,
      0
    ],
    [
      1241,
      975,
      0,
      0,
      0,
      6132,
      295,
      1357
    ],
    [
      809,
      329,
      0,
      0,
      0,
      174,
      8222,
      466
    ],
    [
      364,
      463,
      0,
      0,
      0,
      665,
      149,
      1993
    ]
  ],
  "classification_report": "              precision    recall  f1-score   support\n\n      Benign       0.72      0.74      0.73     10000\n  BruteForce       0.47      0.61      0.53      3631\n        DDoS       0.92      0.64      0.76     10000\n         DoS       0.72      0.94      0.82     10000\n       Mirai       1.00      1.00      1.00     10000\n       Recon       0.74      0.61      0.67     10000\n    Spoofing       0.89      0.82      0.85     10000\n         Web       0.42      0.55      0.47      3634\n\n    accuracy                           0.77     67265\n   macro avg       0.74      0.74      0.73     67265\nweighted avg       0.79      0.77      0.77     67265\n",
  "training_time": 3965.068612098694
}