{
  "lr": 0.0004359317280354429,
  "dropout": 0.2119231786193567,
  "batch_size": 512,
  "weight_decay": 2.7182527756414388e-05,
  "hidden_size": 512,
  "num_layers": 1
}