{
  "accuracy": 0.9826340353952948,
  "f1_macro": 0.9512080643616342,
  "f1_weighted": 0.9831498622494119,
  "precision_macro": 0.9395128681013961,
  "recall_macro": 0.9714448086124403,
  "mcc": 0.980109586473116,
  "balanced_accuracy": 0.9714448086124403,
  "per_class": {
    "Backdoor": {
      "precision": 0.9992492492492493,
      "recall": 0.99825,
      "f1": 0.9987493746873437,
      "support": 4000.0
    },
    "DDoS": {
      "precision": 0.9759249873289407,
      "recall": 0.96275,
      "f1": 0.9692927258998238,
      "support": 4000.0
    },
    "DoS": {
      "precision": 0.9890807516505841,
      "recall": 0.97375,
      "f1": 0.981355505165029,
      "support": 4000.0
    },
    "Injection": {
      "precision": 0.9715591670898933,
      "recall": 0.9565,
      "f1": 0.963970773494583,
      "support": 4000.0
    },
    "MITM": {
      "precision": 0.5304347826086957,
      "recall": 0.8755980861244019,
      "f1": 0.6606498194945848,
      "support": 209.0
    },
    "Normal": {
      "precision": 0.9950729009552539,
      "recall": 0.9896,
      "f1": 0.9923289044873402,
      "support": 10000.0
    },
    "Password": {
      "precision": 0.9974734714502274,
      "recall": 0.987,
      "f1": 0.992209097763257,
      "support": 4000.0
    },
    "Ransomware": {
      "precision": 0.9945300845350572,
      "recall": 1.0,
      "f1": 0.9972575417601596,
      "support": 4000.0
    },
    "Scanning": {
      "precision": 0.9826345819895808,
      "recall": 0.99025,
      "f1": 0.9864275930768273,
      "support": 4000.0
    },
    "XSS": {
      "precision": 0.9591687041564793,
      "recall": 0.98075,
      "f1": 0.9698393077873918,
      "support": 4000.0
    }
  },
  "confusion_matrix": [
    [
      3993,
      0,
      1,
      1,
      2,
      3,
      0,
      0,
      0,
      0
    ],
    [
      2,
      3851,
      0,
      54,
      5,
      16,
      3,
      16,
      0,
      53
    ],
    [
      0,
      1,
      3895,
      0,
      47,
      13,
      2,
      0,
      40,
      2
    ],
    [
      0,
      41,
      3,
      3826,
      10,
      2,
      2,
      1,
      21,
      94
    ],
    [
      0,
      0,
      7,
      7,
      183,
      8,
      1,
      0,
      0,
      3
    ],
    [
      0,
      32,
      11,
      8,
      35,
      9896,
      2,
      5,
      6,
      5
    ],
    [
      0,
      0,
      5,
      0,
      42,
      0,
      3948,
      0,
      0,
      5
    ],
    [
      0,
      0,
      0,
      0,
      0,
      0,
      0,
      4000,
      0,
      0
    ],
    [
      1,
      0,
      11,
      1,
      18,
      3,
      0,
      0,
      3961,
      5
    ],
    [
      0,
      21,
      5,
      41,
      3,
      4,
      0,
      0,
      3,
      3923
    ]
  ],
  "classification_report": "              precision    recall  f1-score   support\n\n    Backdoor       1.00      1.00      1.00      4000\n        DDoS       0.98      0.96      0.97      4000\n         DoS       0.99      0.97      0.98      4000\n   Injection       0.97      0.96      0.96      4000\n        MITM       0.53      0.88      0.66       209\n      Normal       1.00      0.99      0.99     10000\n    Password       1.00      0.99      0.99      4000\n  Ransomware       0.99      1.00      1.00      4000\n    Scanning       0.98      0.99      0.99      4000\n         XSS       0.96      0.98      0.97      4000\n\n    accuracy                           0.98     42209\n   macro avg       0.94      0.97      0.95     42209\nweighted avg       0.98      0.98      0.98     42209\n",
  "training_time": 5387.291124582291
}