{
  "accuracy": 0.3699897225077081,
  "f1_macro": 0.3439512296246715,
  "f1_weighted": 0.33801891889461894,
  "precision_macro": 0.5255456437130857,
  "recall_macro": 0.35044023906096444,
  "mcc": 0.3347064953717829,
  "balanced_accuracy": 0.35044023906096444,
  "per_class": {
    "Backdoor": {
      "precision": 0.8519402985074627,
      "recall": 0.5740144810941271,
      "f1": 0.6858928142273492,
      "support": 4972.0
    },
    "BruteForce": {
      "precision": 0.1257519335433973,
      "recall": 0.0439,
      "f1": 0.06508042398636128,
      "support": 10000.0
    },
    "DDoS": {
      "precision": 0.991740165196696,
      "recall": 0.7084,
      "f1": 0.8264597795018375,
      "support": 10000.0
    },
    "Injection": {
      "precision": 0.22731922438680638,
      "recall": 1.0,
      "f1": 0.3704321090552129,
      "support": 10000.0
    },
    "MITM": {
      "precision": 1.0,
      "recall": 0.2839506172839506,
      "f1": 0.4423076923076923,
      "support": 243.0
    },
    "Malware": {
      "precision": 0.11139896373056994,
      "recall": 0.028563836853992296,
      "f1": 0.04546896478798773,
      "support": 7527.0
    },
    "Normal": {
      "precision": 0.9510332434860737,
      "recall": 0.2117,
      "f1": 0.3463111401930312,
      "support": 10000.0
    },
    "Ransomware": {
      "precision": 0.38872002701789937,
      "recall": 0.5267734553775744,
      "f1": 0.4473377380489701,
      "support": 2185.0
    },
    "Reconnaissance": {
      "precision": 0.6075525812619503,
      "recall": 0.1271,
      "f1": 0.21022163413827324,
      "support": 10000.0
    },
    "XSS": {
      "precision": 0.0,
      "recall": 0.0,
      "f1": 0.0,
      "support": 3183.0
    }
  },
  "confusion_matrix": [
    [
      2854,
      0,
      0,
      527,
      0,
      87,
      0,
      1504,
      0,
      0
    ],
    [
      0,
      439,
      0,
      9561,
      0,
      0,
      0,
      0,
      0,
      0
    ],
    [
      4,
      20,
      7084,
      2027,
      0,
      0,
      44,
      0,
      821,
      0
    ],
    [
      0,
      0,
      0,
      10000,
      0,
      0,
      0,
      0,
      0,
      0
    ],
    [
      0,
      0,
      0,
      174,
      69,
      0,
      0,
      0,
      0,
      0
    ],
    [
      0,
      0,
      0,
      7074,
      0,
      215,
      0,
      238,
      0,
      0
    ],
    [
      68,
      0,
      1,
      7803,
      0,
      1,
      2117,
      10,
      0,
      0
    ],
    [
      421,
      0,
      0,
      533,
      0,
      80,
      0,
      1151,
      0,
      0
    ],
    [
      3,
      2824,
      58,
      3317,
      0,
      1547,
      65,
      58,
      1271,
      857
    ],
    [
      0,
      208,
      0,
      2975,
      0,
      0,
      0,
      0,
      0,
      0
    ]
  ],
  "classification_report": "                precision    recall  f1-score   support\n\n      Backdoor       0.85      0.57      0.69      4972\n    BruteForce       0.13      0.04      0.07     10000\n          DDoS       0.99      0.71      0.83     10000\n     Injection       0.23      1.00      0.37     10000\n          MITM       1.00      0.28      0.44       243\n       Malware       0.11      0.03      0.05      7527\n        Normal       0.95      0.21      0.35     10000\n    Ransomware       0.39      0.53      0.45      2185\nReconnaissance       0.61      0.13      0.21     10000\n           XSS       0.00      0.00      0.00      3183\n\n      accuracy                           0.37     68110\n     macro avg       0.53      0.35      0.34     68110\n  weighted avg       0.52      0.37      0.34     68110\n",
  "training_time": 0.2040691375732422
}