{
  "accuracy": 0.9094993393040669,
  "f1_macro": 0.8613212154988897,
  "f1_weighted": 0.9136283323615126,
  "precision_macro": 0.8528432235684533,
  "recall_macro": 0.9122488541341325,
  "mcc": 0.8972803554222288,
  "balanced_accuracy": 0.9122488541341325,
  "per_class": {
    "Backdoor": {
      "precision": 0.9963651913619842,
      "recall": 0.9372485921158488,
      "f1": 0.9659032024043942,
      "support": 4972.0
    },
    "BruteForce": {
      "precision": 0.7297081167532987,
      "recall": 0.9125,
      "f1": 0.8109309042435014,
      "support": 10000.0
    },
    "DDoS": {
      "precision": 0.9986145156133432,
      "recall": 0.937,
      "f1": 0.9668266006294175,
      "support": 10000.0
    },
    "Injection": {
      "precision": 0.9151989562948467,
      "recall": 0.8418,
      "f1": 0.8769663506615273,
      "support": 10000.0
    },
    "MITM": {
      "precision": 0.30527638190954776,
      "recall": 1.0,
      "f1": 0.46775745909528393,
      "support": 243.0
    },
    "Malware": {
      "precision": 0.9873143564356436,
      "recall": 0.8478809618705991,
      "f1": 0.9123007647773569,
      "support": 7527.0
    },
    "Normal": {
      "precision": 0.9726217637139173,
      "recall": 0.9805,
      "f1": 0.9765449927792441,
      "support": 10000.0
    },
    "Ransomware": {
      "precision": 0.7735271614384086,
      "recall": 0.9254004576659038,
      "f1": 0.8426755574077933,
      "support": 2185.0
    },
    "Reconnaissance": {
      "precision": 0.9968057921635435,
      "recall": 0.9362,
      "f1": 0.965552805280528,
      "support": 10000.0
    },
    "XSS": {
      "precision": 0.853,
      "recall": 0.8039585296889726,
      "f1": 0.8277535177098496,
      "support": 3183.0
    }
  },
  "confusion_matrix": [
    [
      4660,
      1,
      0,
      0,
      85,
      2,
      0,
      224,
      0,
      0
    ],
    [
      0,
      9125,
      2,
      479,
      12,
      50,
      227,
      3,
      7,
      95
    ],
    [
      1,
      432,
      9370,
      137,
      0,
      4,
      20,
      0,
      22,
      14
    ],
    [
      0,
      1543,
      3,
      8418,
      8,
      0,
      0,
      2,
      1,
      25
    ],
    [
      0,
      0,
      0,
      0,
      243,
      0,
      0,
      0,
      0,
      0
    ],
    [
      0,
      712,
      0,
      75,
      13,
      6382,
      7,
      100,
      0,
      238
    ],
    [
      0,
      67,
      0,
      0,
      49,
      2,
      9805,
      14,
      0,
      63
    ],
    [
      10,
      0,
      0,
      0,
      144,
      9,
      0,
      2022,
      0,
      0
    ],
    [
      6,
      197,
      8,
      38,
      121,
      9,
      15,
      238,
      9362,
      6
    ],
    [
      0,
      428,
      0,
      51,
      121,
      6,
      7,
      11,
      0,
      2559
    ]
  ],
  "classification_report": "                precision    recall  f1-score   support\n\n      Backdoor       1.00      0.94      0.97      4972\n    BruteForce       0.73      0.91      0.81     10000\n          DDoS       1.00      0.94      0.97     10000\n     Injection       0.92      0.84      0.88     10000\n          MITM       0.31      1.00      0.47       243\n       Malware       0.99      0.85      0.91      7527\n        Normal       0.97      0.98      0.98     10000\n    Ransomware       0.77      0.93      0.84      2185\nReconnaissance       1.00      0.94      0.97     10000\n           XSS       0.85      0.80      0.83      3183\n\n      accuracy                           0.91     68110\n     macro avg       0.85      0.91      0.86     68110\n  weighted avg       0.92      0.91      0.91     68110\n",
  "training_time": 679.7262001037598
}