{
  "accuracy": 0.7960157585668625,
  "f1_macro": 0.7571362928842319,
  "f1_weighted": 0.7959148795561214,
  "precision_macro": 0.7643301604168544,
  "recall_macro": 0.7560932703287914,
  "mcc": 0.764297872558944,
  "balanced_accuracy": 0.7560932703287914,
  "per_class": {
    "Benign": {
      "precision": 0.7209894507093488,
      "recall": 0.7928,
      "f1": 0.7551914650409601,
      "support": 10000.0
    },
    "BruteForce": {
      "precision": 0.6074626865671642,
      "recall": 0.5604516662076563,
      "f1": 0.5830110299384043,
      "support": 3631.0
    },
    "DDoS": {
      "precision": 0.8873908577298408,
      "recall": 0.6911,
      "f1": 0.777040701596582,
      "support": 10000.0
    },
    "DoS": {
      "precision": 0.7464984847243836,
      "recall": 0.9114,
      "f1": 0.8207483452654329,
      "support": 10000.0
    },
    "Mirai": {
      "precision": 0.9986997399479896,
      "recall": 0.9985,
      "f1": 0.9985998599859987,
      "support": 10000.0
    },
    "Recon": {
      "precision": 0.7082326892109501,
      "recall": 0.7037,
      "f1": 0.7059590690208668,
      "support": 10000.0
    },
    "Spoofing": {
      "precision": 0.9319042979322291,
      "recall": 0.8608,
      "f1": 0.8949420387794355,
      "support": 10000.0
    },
    "Web": {
      "precision": 0.5134630765129299,
      "recall": 0.5299944964226747,
      "f1": 0.5215978334461747,
      "support": 3634.0
    }
  },
  "confusion_matrix": [
    [
      7928,
      325,
      0,
      0,
      0,
      1207,
      206,
      334
    ],
    [
      584,
      2035,
      0,
      0,
      0,
      485,
      131,
      396
    ],
    [
      0,
      0,
      6911,
      3083,
      5,
      0,
      1,
      0
    ],
    [
      0,
      0,
      875,
      9114,
      8,
      1,
      2,
      0
    ],
    [
      0,
      0,
      2,
      12,
      9985,
      0,
      1,
      0
    ],
    [
      1370,
      589,
      0,
      0,
      0,
      7037,
      206,
      798
    ],
    [
      681,
      153,
      0,
      0,
      0,
      261,
      8608,
      297
    ],
    [
      433,
      248,
      0,
      0,
      0,
      945,
      82,
      1926
    ]
  ],
  "classification_report": "              precision    recall  f1-score   support\n\n      Benign       0.72      0.79      0.76     10000\n  BruteForce       0.61      0.56      0.58      3631\n        DDoS       0.89      0.69      0.78     10000\n         DoS       0.75      0.91      0.82     10000\n       Mirai       1.00      1.00      1.00     10000\n       Recon       0.71      0.70      0.71     10000\n    Spoofing       0.93      0.86      0.89     10000\n         Web       0.51      0.53      0.52      3634\n\n    accuracy                           0.80     67265\n   macro avg       0.76      0.76      0.76     67265\nweighted avg       0.80      0.80      0.80     67265\n",
  "training_time": 1409.6629819869995
}