{
  "lr": 0.0013482438688962608,
  "dropout": 0.1814441695737654,
  "batch_size": 512,
  "weight_decay": 9.591259887554216e-05,
  "hidden_dim": 512,
  "num_layers": 3
}