{
  "accuracy": 0.7680571414688662,
  "f1_macro": 0.5264933375452097,
  "f1_weighted": 0.7866844485727649,
  "precision_macro": 0.534889033626612,
  "recall_macro": 0.6508507595883204,
  "mcc": 0.7311585864019767,
  "balanced_accuracy": 0.6508507595883204,
  "per_class": {
    "Analysis": {
      "precision": 0.22085048010973937,
      "recall": 0.30093457943925234,
      "f1": 0.254746835443038,
      "support": 535.0
    },
    "Backdoor": {
      "precision": 0.09543918918918919,
      "recall": 0.24248927038626608,
      "f1": 0.13696969696969696,
      "support": 466.0
    },
    "DoS": {
      "precision": 0.3445507872800247,
      "recall": 0.6823601345154388,
      "f1": 0.45789311724279413,
      "support": 3271.0
    },
    "Exploits": {
      "precision": 0.8888888888888888,
      "recall": 0.3952835485682201,
      "f1": 0.5472211426350564,
      "support": 8905.0
    },
    "Fuzzers": {
      "precision": 0.8152645273200347,
      "recall": 0.7754176118787379,
      "f1": 0.7948419828770743,
      "support": 4849.0
    },
    "Generic": {
      "precision": 0.9962844462792858,
      "recall": 0.9653,
      "f1": 0.9805475138402153,
      "support": 10000.0
    },
    "Normal": {
      "precision": 0.9972594397076736,
      "recall": 0.9825,
      "f1": 0.9898247028007253,
      "support": 10000.0
    },
    "Reconnaissance": {
      "precision": 0.7934254762794173,
      "recall": 0.7591136526090064,
      "f1": 0.7758904109589041,
      "support": 2798.0
    },
    "Shellcode": {
      "precision": 0.1620745542949757,
      "recall": 0.6622516556291391,
      "f1": 0.2604166666666667,
      "support": 302.0
    },
    "Worms": {
      "precision": 0.03485254691689008,
      "recall": 0.7428571428571429,
      "f1": 0.06658130601792574,
      "support": 35.0
    }
  },
  "confusion_matrix": [
    [
      161,
      78,
      285,
      1,
      2,
      0,
      0,
      1,
      7,
      0
    ],
    [
      20,
      113,
      288,
      4,
      13,
      0,
      0,
      10,
      15,
      3
    ],
    [
      130,
      257,
      2232,
      295,
      74,
      8,
      4,
      38,
      163,
      70
    ],
    [
      325,
      440,
      2885,
      3520,
      478,
      5,
      16,
      288,
      408,
      540
    ],
    [
      49,
      237,
      353,
      27,
      3760,
      19,
      2,
      139,
      214,
      49
    ],
    [
      6,
      13,
      86,
      100,
      83,
      9653,
      5,
      4,
      33,
      17
    ],
    [
      17,
      7,
      1,
      1,
      128,
      3,
      9825,
      7,
      9,
      2
    ],
    [
      21,
      39,
      346,
      5,
      55,
      0,
      0,
      2124,
      181,
      27
    ],
    [
      0,
      0,
      2,
      5,
      17,
      0,
      0,
      66,
      200,
      12
    ],
    [
      0,
      0,
      0,
      2,
      2,
      1,
      0,
      0,
      4,
      26
    ]
  ],
  "classification_report": "                precision    recall  f1-score   support\n\n      Analysis       0.22      0.30      0.25       535\n      Backdoor       0.10      0.24      0.14       466\n           DoS       0.34      0.68      0.46      3271\n      Exploits       0.89      0.40      0.55      8905\n       Fuzzers       0.82      0.78      0.79      4849\n       Generic       1.00      0.97      0.98     10000\n        Normal       1.00      0.98      0.99     10000\nReconnaissance       0.79      0.76      0.78      2798\n     Shellcode       0.16      0.66      0.26       302\n         Worms       0.03      0.74      0.07        35\n\n      accuracy                           0.77     41161\n     macro avg       0.53      0.65      0.53     41161\n  weighted avg       0.86      0.77      0.79     41161\n",
  "training_time": 5935.128253698349
}