{
  "accuracy": 0.8024232513194083,
  "f1_macro": 0.7634822809000543,
  "f1_weighted": 0.8009831002431155,
  "precision_macro": 0.7754148047939666,
  "recall_macro": 0.7577786389525196,
  "mcc": 0.7711602741692154,
  "balanced_accuracy": 0.7577786389525196,
  "per_class": {
    "Benign": {
      "precision": 0.7338482507950932,
      "recall": 0.8076,
      "f1": 0.7689597714829802,
      "support": 10000.0
    },
    "BruteForce": {
      "precision": 0.6478275073505391,
      "recall": 0.5461305425502616,
      "f1": 0.5926479378362224,
      "support": 3631.0
    },
    "DDoS": {
      "precision": 0.8681210932712342,
      "recall": 0.7083,
      "f1": 0.7801090368412358,
      "support": 10000.0
    },
    "DoS": {
      "precision": 0.7531875369416533,
      "recall": 0.892,
      "f1": 0.8167376276152544,
      "support": 10000.0
    },
    "Mirai": {
      "precision": 0.9987992795677406,
      "recall": 0.9982,
      "f1": 0.9984995498649595,
      "support": 10000.0
    },
    "Recon": {
      "precision": 0.6954190574734268,
      "recall": 0.7393,
      "f1": 0.7166884785032233,
      "support": 10000.0
    },
    "Spoofing": {
      "precision": 0.9204892966360856,
      "recall": 0.8729,
      "f1": 0.8960632346147924,
      "support": 10000.0
    },
    "Web": {
      "precision": 0.5856264163159599,
      "recall": 0.49779856906989545,
      "f1": 0.5381526104417671,
      "support": 3634.0
    }
  },
  "confusion_matrix": [
    [
      8076,
      236,
      0,
      0,
      0,
      1230,
      220,
      238
    ],
    [
      574,
      1983,
      0,
      0,
      0,
      637,
      161,
      276
    ],
    [
      1,
      0,
      7083,
      2910,
      6,
      0,
      0,
      0
    ],
    [
      0,
      0,
      1072,
      8920,
      6,
      1,
      1,
      0
    ],
    [
      0,
      0,
      4,
      13,
      9982,
      0,
      1,
      0
    ],
    [
      1363,
      450,
      0,
      0,
      0,
      7393,
      243,
      551
    ],
    [
      619,
      159,
      0,
      0,
      0,
      278,
      8729,
      215
    ],
    [
      372,
      233,
      0,
      0,
      0,
      1092,
      128,
      1809
    ]
  ],
  "classification_report": "              precision    recall  f1-score   support\n\n      Benign       0.73      0.81      0.77     10000\n  BruteForce       0.65      0.55      0.59      3631\n        DDoS       0.87      0.71      0.78     10000\n         DoS       0.75      0.89      0.82     10000\n       Mirai       1.00      1.00      1.00     10000\n       Recon       0.70      0.74      0.72     10000\n    Spoofing       0.92      0.87      0.90     10000\n         Web       0.59      0.50      0.54      3634\n\n    accuracy                           0.80     67265\n   macro avg       0.78      0.76      0.76     67265\nweighted avg       0.81      0.80      0.80     67265\n",
  "training_time": 1097.7006978988647
}