{
  "accuracy": 0.7749082869706762,
  "f1_macro": 0.5063225931922128,
  "f1_weighted": 0.7844529022431206,
  "precision_macro": 0.4989851279515256,
  "recall_macro": 0.559242132798542,
  "mcc": 0.7250369979786733,
  "balanced_accuracy": 0.559242132798542,
  "per_class": {
    "Analysis": {
      "precision": 0.24682395644283123,
      "recall": 0.2542056074766355,
      "f1": 0.2504604051565378,
      "support": 535.0
    },
    "Backdoor": {
      "precision": 0.055408970976253295,
      "recall": 0.045064377682403435,
      "f1": 0.04970414201183432,
      "support": 466.0
    },
    "DoS": {
      "precision": 0.30981106305486,
      "recall": 0.41608070926322227,
      "f1": 0.3551670146137787,
      "support": 3271.0
    },
    "Exploits": {
      "precision": 0.6611487333834963,
      "recall": 0.5920269511510388,
      "f1": 0.6246815569642752,
      "support": 8905.0
    },
    "Fuzzers": {
      "precision": 0.7788224759346317,
      "recall": 0.7174675190760982,
      "f1": 0.7468870759982825,
      "support": 4849.0
    },
    "Generic": {
      "precision": 0.9976337448559671,
      "recall": 0.9697,
      "f1": 0.9834685598377282,
      "support": 10000.0
    },
    "Normal": {
      "precision": 0.9973534201954397,
      "recall": 0.9798,
      "f1": 0.988498789346247,
      "support": 10000.0
    },
    "Reconnaissance": {
      "precision": 0.7144404332129964,
      "recall": 0.7072909220872051,
      "f1": 0.7108477011494253,
      "support": 2798.0
    },
    "Shellcode": {
      "precision": 0.16466346153846154,
      "recall": 0.45364238410596025,
      "f1": 0.24162257495590828,
      "support": 302.0
    },
    "Worms": {
      "precision": 0.06374501992031872,
      "recall": 0.45714285714285713,
      "f1": 0.11188811188811189,
      "support": 35.0
    }
  },
  "confusion_matrix": [
    [
      136,
      16,
      185,
      172,
      23,
      0,
      0,
      3,
      0,
      0
    ],
    [
      20,
      21,
      191,
      179,
      38,
      0,
      0,
      11,
      6,
      0
    ],
    [
      103,
      47,
      1361,
      1519,
      107,
      3,
      0,
      48,
      71,
      12
    ],
    [
      178,
      147,
      2055,
      5272,
      503,
      6,
      18,
      390,
      195,
      141
    ],
    [
      75,
      93,
      279,
      374,
      3479,
      13,
      7,
      245,
      227,
      57
    ],
    [
      13,
      8,
      62,
      145,
      44,
      9697,
      0,
      9,
      14,
      8
    ],
    [
      14,
      3,
      12,
      42,
      98,
      0,
      9798,
      16,
      17,
      0
    ],
    [
      9,
      33,
      232,
      249,
      119,
      1,
      1,
      1979,
      164,
      11
    ],
    [
      3,
      11,
      13,
      14,
      51,
      0,
      0,
      67,
      137,
      6
    ],
    [
      0,
      0,
      3,
      8,
      5,
      0,
      0,
      2,
      1,
      16
    ]
  ],
  "classification_report": "                precision    recall  f1-score   support\n\n      Analysis       0.25      0.25      0.25       535\n      Backdoor       0.06      0.05      0.05       466\n           DoS       0.31      0.42      0.36      3271\n      Exploits       0.66      0.59      0.62      8905\n       Fuzzers       0.78      0.72      0.75      4849\n       Generic       1.00      0.97      0.98     10000\n        Normal       1.00      0.98      0.99     10000\nReconnaissance       0.71      0.71      0.71      2798\n     Shellcode       0.16      0.45      0.24       302\n         Worms       0.06      0.46      0.11        35\n\n      accuracy                           0.77     41161\n     macro avg       0.50      0.56      0.51     41161\n  weighted avg       0.80      0.77      0.78     41161\n",
  "training_time": 20.156238794326782
}