{
  "accuracy": 0.984576749034566,
  "f1_macro": 0.9568024277247144,
  "f1_weighted": 0.9849194564805631,
  "precision_macro": 0.9461150142400332,
  "recall_macro": 0.9734682775119616,
  "mcc": 0.9823307870405382,
  "balanced_accuracy": 0.9734682775119616,
  "per_class": {
    "Backdoor": {
      "precision": 0.9992492492492493,
      "recall": 0.99825,
      "f1": 0.9987493746873437,
      "support": 4000.0
    },
    "DDoS": {
      "precision": 0.9773013871374527,
      "recall": 0.96875,
      "f1": 0.9730069052102951,
      "support": 4000.0
    },
    "DoS": {
      "precision": 0.9923527912312006,
      "recall": 0.97325,
      "f1": 0.9827085699861163,
      "support": 4000.0
    },
    "Injection": {
      "precision": 0.9758331213431697,
      "recall": 0.959,
      "f1": 0.9673433362753752,
      "support": 4000.0
    },
    "MITM": {
      "precision": 0.5859872611464968,
      "recall": 0.8803827751196173,
      "f1": 0.7036328871892925,
      "support": 209.0
    },
    "Normal": {
      "precision": 0.9964870019070561,
      "recall": 0.9928,
      "f1": 0.994640084155688,
      "support": 10000.0
    },
    "Password": {
      "precision": 0.9954637096774194,
      "recall": 0.9875,
      "f1": 0.9914658634538153,
      "support": 4000.0
    },
    "Ransomware": {
      "precision": 0.9947748196068674,
      "recall": 0.9995,
      "f1": 0.9971318119466268,
      "support": 4000.0
    },
    "Scanning": {
      "precision": 0.9790382244143033,
      "recall": 0.9925,
      "f1": 0.9857231533209186,
      "support": 4000.0
    },
    "XSS": {
      "precision": 0.9646625766871165,
      "recall": 0.98275,
      "f1": 0.9736222910216719,
      "support": 4000.0
    }
  },
  "confusion_matrix": [
    [
      3993,
      0,
      2,
      2,
      1,
      1,
      0,
      0,
      0,
      1
    ],
    [
      1,
      3875,
      2,
      46,
      4,
      10,
      2,
      16,
      0,
      44
    ],
    [
      0,
      0,
      3893,
      0,
      39,
      11,
      1,
      0,
      54,
      2
    ],
    [
      0,
      40,
      1,
      3836,
      9,
      2,
      3,
      1,
      20,
      88
    ],
    [
      1,
      0,
      7,
      5,
      184,
      6,
      5,
      0,
      1,
      0
    ],
    [
      0,
      28,
      6,
      3,
      21,
      9928,
      4,
      4,
      2,
      4
    ],
    [
      1,
      1,
      4,
      0,
      37,
      0,
      3950,
      0,
      3,
      4
    ],
    [
      0,
      0,
      0,
      0,
      0,
      0,
      0,
      3998,
      2,
      0
    ],
    [
      0,
      0,
      6,
      1,
      17,
      2,
      3,
      0,
      3970,
      1
    ],
    [
      0,
      21,
      2,
      38,
      2,
      3,
      0,
      0,
      3,
      3931
    ]
  ],
  "classification_report": "              precision    recall  f1-score   support\n\n    Backdoor       1.00      1.00      1.00      4000\n        DDoS       0.98      0.97      0.97      4000\n         DoS       0.99      0.97      0.98      4000\n   Injection       0.98      0.96      0.97      4000\n        MITM       0.59      0.88      0.70       209\n      Normal       1.00      0.99      0.99     10000\n    Password       1.00      0.99      0.99      4000\n  Ransomware       0.99      1.00      1.00      4000\n    Scanning       0.98      0.99      0.99      4000\n         XSS       0.96      0.98      0.97      4000\n\n    accuracy                           0.98     42209\n   macro avg       0.95      0.97      0.96     42209\nweighted avg       0.99      0.98      0.98     42209\n",
  "training_time": 5338.543788433075
}