{
  "lr": 0.0005160249862857561,
  "dropout": 0.1849380376777179,
  "batch_size": 512,
  "weight_decay": 2.6140263584568364e-05,
  "hidden_size": 512,
  "num_layers": 2
}