{
  "accuracy": 0.8887094406107767,
  "f1_macro": 0.839681379805489,
  "f1_weighted": 0.8930514382702603,
  "precision_macro": 0.8340334902292191,
  "recall_macro": 0.8912792185477206,
  "mcc": 0.8740301058053284,
  "balanced_accuracy": 0.8912792185477206,
  "per_class": {
    "Backdoor": {
      "precision": 0.9750612335782677,
      "recall": 0.8807320997586484,
      "f1": 0.9254993131142344,
      "support": 4972.0
    },
    "BruteForce": {
      "precision": 0.7130902111324376,
      "recall": 0.9288,
      "f1": 0.8067752442996743,
      "support": 10000.0
    },
    "DDoS": {
      "precision": 0.9948259642521167,
      "recall": 0.846,
      "f1": 0.914396887159533,
      "support": 10000.0
    },
    "Injection": {
      "precision": 0.939369719113953,
      "recall": 0.8227,
      "f1": 0.877172406439919,
      "support": 10000.0
    },
    "MITM": {
      "precision": 0.30527638190954776,
      "recall": 1.0,
      "f1": 0.46775745909528393,
      "support": 243.0
    },
    "Malware": {
      "precision": 0.9855295566502463,
      "recall": 0.8505380629732961,
      "f1": 0.9130713827283748,
      "support": 7527.0
    },
    "Normal": {
      "precision": 0.968413779488698,
      "recall": 0.9811,
      "f1": 0.9747156127365755,
      "support": 10000.0
    },
    "Ransomware": {
      "precision": 0.684248039914469,
      "recall": 0.8787185354691075,
      "f1": 0.7693848928070527,
      "support": 2185.0
    },
    "Reconnaissance": {
      "precision": 0.9114086032089772,
      "recall": 0.9259,
      "f1": 0.9185971526365395,
      "support": 10000.0
    },
    "XSS": {
      "precision": 0.8631114130434783,
      "recall": 0.7983034872761545,
      "f1": 0.829443447037702,
      "support": 3183.0
    }
  },
  "confusion_matrix": [
    [
      4379,
      0,
      1,
      0,
      85,
      1,
      0,
      505,
      0,
      1
    ],
    [
      0,
      9288,
      1,
      297,
      12,
      52,
      273,
      3,
      0,
      74
    ],
    [
      0,
      484,
      8460,
      126,
      0,
      1,
      13,
      9,
      896,
      11
    ],
    [
      0,
      1750,
      12,
      8227,
      8,
      0,
      0,
      2,
      1,
      0
    ],
    [
      0,
      0,
      0,
      0,
      243,
      0,
      0,
      0,
      0,
      0
    ],
    [
      1,
      791,
      1,
      0,
      13,
      6402,
      3,
      98,
      0,
      218
    ],
    [
      1,
      28,
      2,
      0,
      49,
      1,
      9811,
      14,
      1,
      93
    ],
    [
      102,
      0,
      0,
      0,
      144,
      19,
      0,
      1920,
      0,
      0
    ],
    [
      8,
      197,
      26,
      107,
      121,
      2,
      30,
      244,
      9259,
      6
    ],
    [
      0,
      487,
      1,
      1,
      121,
      18,
      1,
      11,
      2,
      2541
    ]
  ],
  "classification_report": "                precision    recall  f1-score   support\n\n      Backdoor       0.98      0.88      0.93      4972\n    BruteForce       0.71      0.93      0.81     10000\n          DDoS       0.99      0.85      0.91     10000\n     Injection       0.94      0.82      0.88     10000\n          MITM       0.31      1.00      0.47       243\n       Malware       0.99      0.85      0.91      7527\n        Normal       0.97      0.98      0.97     10000\n    Ransomware       0.68      0.88      0.77      2185\nReconnaissance       0.91      0.93      0.92     10000\n           XSS       0.86      0.80      0.83      3183\n\n      accuracy                           0.89     68110\n     macro avg       0.83      0.89      0.84     68110\n  weighted avg       0.91      0.89      0.89     68110\n",
  "training_time": 5242.688766956329
}