{
  "dataset": "toniot",
  "timestamp": "2025-12-30T23:43:11.855379",
  "models": {
    "FT_Transformer": {
      "accuracy": 0.9874671278637257,
      "f1_macro": 0.961810206009423,
      "f1_weighted": 0.9878501447338455,
      "precision_macro": 0.9496044996354369,
      "recall_macro": 0.9819933732057416,
      "mcc": 0.9856429388265886,
      "training_time": 28017.99022459984
    },
    "TabNet": {
      "accuracy": 0.8824895164538369,
      "f1_macro": 0.8347649356860121,
      "f1_weighted": 0.8853646882901117,
      "precision_macro": 0.8231882251880143,
      "recall_macro": 0.8816190909090909,
      "mcc": 0.8666091234110581,
      "training_time": 15180.328128099442
    }
  }
}