{
  "accuracy": 0.7786982823546561,
  "f1_macro": 0.5465090292272579,
  "f1_weighted": 0.8077704269277171,
  "precision_macro": 0.5472784508680774,
  "recall_macro": 0.661009279593549,
  "mcc": 0.740679823158499,
  "balanced_accuracy": 0.661009279593549,
  "per_class": {
    "Analysis": {
      "precision": 0.14414414414414414,
      "recall": 0.32897196261682243,
      "f1": 0.20045558086560364,
      "support": 535.0
    },
    "Backdoor": {
      "precision": 0.06513541309564622,
      "recall": 0.40772532188841204,
      "f1": 0.11232633757020397,
      "support": 466.0
    },
    "DoS": {
      "precision": 0.34531870184450153,
      "recall": 0.4521553041883216,
      "f1": 0.39158061953931694,
      "support": 3271.0
    },
    "Exploits": {
      "precision": 0.8822570788347932,
      "recall": 0.4863559797866367,
      "f1": 0.6270450267844216,
      "support": 8905.0
    },
    "Fuzzers": {
      "precision": 0.8934056007226739,
      "recall": 0.8158383171787997,
      "f1": 0.852861916567856,
      "support": 4849.0
    },
    "Generic": {
      "precision": 0.9983510254560445,
      "recall": 0.9687,
      "f1": 0.9833020352230625,
      "support": 10000.0
    },
    "Normal": {
      "precision": 0.9996929689898679,
      "recall": 0.9768,
      "f1": 0.9881139042031258,
      "support": 10000.0
    },
    "Reconnaissance": {
      "precision": 0.8228933631618195,
      "recall": 0.7887776983559686,
      "f1": 0.8054744525547445,
      "support": 2798.0
    },
    "Shellcode": {
      "precision": 0.25677139761646806,
      "recall": 0.7847682119205298,
      "f1": 0.38693877551020406,
      "support": 302.0
    },
    "Worms": {
      "precision": 0.06481481481481481,
      "recall": 0.6,
      "f1": 0.116991643454039,
      "support": 35.0
    }
  },
  "confusion_matrix": [
    [
      176,
      186,
      169,
      1,
      0,
      0,
      0,
      0,
      2,
      1
    ],
    [
      45,
      190,
      199,
      9,
      4,
      0,
      0,
      6,
      12,
      1
    ],
    [
      330,
      925,
      1479,
      328,
      50,
      0,
      2,
      22,
      113,
      22
    ],
    [
      503,
      1166,
      1901,
      4331,
      235,
      1,
      0,
      326,
      281,
      161
    ],
    [
      82,
      286,
      219,
      52,
      3956,
      15,
      0,
      83,
      144,
      12
    ],
    [
      19,
      31,
      77,
      115,
      41,
      9687,
      1,
      1,
      17,
      11
    ],
    [
      16,
      1,
      2,
      10,
      106,
      0,
      9768,
      7,
      7,
      83
    ],
    [
      50,
      130,
      234,
      43,
      21,
      0,
      0,
      2207,
      105,
      8
    ],
    [
      0,
      2,
      2,
      14,
      13,
      0,
      0,
      30,
      237,
      4
    ],
    [
      0,
      0,
      1,
      6,
      2,
      0,
      0,
      0,
      5,
      21
    ]
  ],
  "classification_report": "                precision    recall  f1-score   support\n\n      Analysis       0.14      0.33      0.20       535\n      Backdoor       0.07      0.41      0.11       466\n           DoS       0.35      0.45      0.39      3271\n      Exploits       0.88      0.49      0.63      8905\n       Fuzzers       0.89      0.82      0.85      4849\n       Generic       1.00      0.97      0.98     10000\n        Normal       1.00      0.98      0.99     10000\nReconnaissance       0.82      0.79      0.81      2798\n     Shellcode       0.26      0.78      0.39       302\n         Worms       0.06      0.60      0.12        35\n\n      accuracy                           0.78     41161\n     macro avg       0.55      0.66      0.55     41161\n  weighted avg       0.87      0.78      0.81     41161\n",
  "training_time": 4185.63507771492
}