{
  "lr": 0.0003071057367777374,
  "dropout": 0.2901428612819832,
  "batch_size": 512,
  "weight_decay": 1.8408992080552506e-05,
  "hidden_size": 256,
  "num_layers": 2
}