{
  "accuracy": 0.5969226194900765,
  "f1_macro": 0.5410301611179735,
  "f1_weighted": 0.5852404534783928,
  "precision_macro": 0.6976411912504021,
  "recall_macro": 0.5680958988686216,
  "mcc": 0.5577789156082265,
  "balanced_accuracy": 0.5680958988686216,
  "per_class": {
    "Benign": {
      "precision": 0.4319859979215665,
      "recall": 0.7898,
      "f1": 0.5584980376904854,
      "support": 10000.0
    },
    "BruteForce": {
      "precision": 0.7141544117647058,
      "recall": 0.21399063618837785,
      "f1": 0.3293070565797839,
      "support": 3631.0
    },
    "DDoS": {
      "precision": 0.9397400551398188,
      "recall": 0.4772,
      "f1": 0.6329751956492904,
      "support": 10000.0
    },
    "DoS": {
      "precision": 0.6504010695187166,
      "recall": 0.973,
      "f1": 0.7796474358974359,
      "support": 10000.0
    },
    "Mirai": {
      "precision": 0.9960677555958862,
      "recall": 0.9879,
      "f1": 0.9919670649663621,
      "support": 10000.0
    },
    "Recon": {
      "precision": 0.7936458005662158,
      "recall": 0.2523,
      "f1": 0.3828818575005691,
      "support": 10000.0
    },
    "Spoofing": {
      "precision": 0.8693054518297236,
      "recall": 0.2328,
      "f1": 0.367250354945575,
      "support": 10000.0
    },
    "Web": {
      "precision": 0.1858289876665839,
      "recall": 0.6177765547605943,
      "f1": 0.2857142857142857,
      "support": 3634.0
    }
  },
  "confusion_matrix": [
    [
      7898,
      82,
      0,
      0,
      0,
      139,
      62,
      1819
    ],
    [
      1448,
      777,
      0,
      0,
      0,
      245,
      104,
      1057
    ],
    [
      0,
      0,
      4772,
      5185,
      37,
      2,
      4,
      0
    ],
    [
      0,
      0,
      261,
      9730,
      2,
      1,
      4,
      2
    ],
    [
      2,
      0,
      45,
      45,
      9879,
      3,
      25,
      1
    ],
    [
      2598,
      180,
      0,
      0,
      0,
      2523,
      118,
      4581
    ],
    [
      5128,
      25,
      0,
      0,
      0,
      143,
      2328,
      2376
    ],
    [
      1209,
      24,
      0,
      0,
      0,
      123,
      33,
      2245
    ]
  ],
  "classification_report": "              precision    recall  f1-score   support\n\n      Benign       0.43      0.79      0.56     10000\n  BruteForce       0.71      0.21      0.33      3631\n        DDoS       0.94      0.48      0.63     10000\n         DoS       0.65      0.97      0.78     10000\n       Mirai       1.00      0.99      0.99     10000\n       Recon       0.79      0.25      0.38     10000\n    Spoofing       0.87      0.23      0.37     10000\n         Web       0.19      0.62      0.29      3634\n\n    accuracy                           0.60     67265\n   macro avg       0.70      0.57      0.54     67265\nweighted avg       0.74      0.60      0.59     67265\n",
  "training_time": 0.20814752578735352
}