{
  "lr": 0.0006252287916406219,
  "dropout": 0.12789877213040837,
  "batch_size": 2048,
  "weight_decay": 0.0002157696745589684,
  "hidden_dim": 512,
  "num_layers": 2
}