{
  "accuracy": 0.31371311114373807,
  "f1_macro": 0.3330882473808305,
  "f1_weighted": 0.36339599521243177,
  "precision_macro": 0.5559816870106566,
  "recall_macro": 0.3201602359857005,
  "mcc": 0.3666329347575237,
  "balanced_accuracy": 0.3201602359857005,
  "per_class": {
    "Backdoor": {
      "precision": 0.7489626556016598,
      "recall": 0.7986725663716814,
      "f1": 0.7730192719486081,
      "support": 4972.0
    },
    "BruteForce": {
      "precision": 0.9865168539325843,
      "recall": 0.0439,
      "f1": 0.08405935854475825,
      "support": 10000.0
    },
    "DDoS": {
      "precision": 0.995048104131296,
      "recall": 0.7033,
      "f1": 0.8241153034919146,
      "support": 10000.0
    },
    "Injection": {
      "precision": 0.0,
      "recall": 0.0,
      "f1": 0.0,
      "support": 10000.0
    },
    "MITM": {
      "precision": 1.0,
      "recall": 0.2839506172839506,
      "f1": 0.4423076923076923,
      "support": 243.0
    },
    "Malware": {
      "precision": 0.0,
      "recall": 0.0,
      "f1": 0.0,
      "support": 7527.0
    },
    "Normal": {
      "precision": 0.9766611751784734,
      "recall": 0.3557,
      "f1": 0.521477789180472,
      "support": 10000.0
    },
    "Ransomware": {
      "precision": 0.02384790337182856,
      "recall": 0.494279176201373,
      "f1": 0.0455005055611729,
      "support": 2185.0
    },
    "Reconnaissance": {
      "precision": 0.8287801778907242,
      "recall": 0.5218,
      "f1": 0.6404025527736867,
      "support": 10000.0
    },
    "XSS": {
      "precision": 0.0,
      "recall": 0.0,
      "f1": 0.0,
      "support": 3183.0
    }
  },
  "confusion_matrix": [
    [
      3971,
      0,
      0,
      0,
      0,
      0,
      0,
      1001,
      0,
      0
    ],
    [
      0,
      439,
      0,
      0,
      0,
      0,
      0,
      9561,
      0,
      0
    ],
    [
      51,
      0,
      7033,
      0,
      0,
      0,
      31,
      2036,
      849,
      0
    ],
    [
      0,
      0,
      0,
      0,
      0,
      0,
      0,
      10000,
      0,
      0
    ],
    [
      0,
      0,
      0,
      0,
      69,
      0,
      0,
      174,
      0,
      0
    ],
    [
      25,
      0,
      0,
      0,
      0,
      0,
      0,
      7502,
      0,
      0
    ],
    [
      133,
      0,
      0,
      0,
      0,
      0,
      3557,
      6289,
      21,
      0
    ],
    [
      1105,
      0,
      0,
      0,
      0,
      0,
      0,
      1080,
      0,
      0
    ],
    [
      17,
      6,
      35,
      0,
      0,
      0,
      54,
      4669,
      5218,
      1
    ],
    [
      0,
      0,
      0,
      0,
      0,
      0,
      0,
      2975,
      208,
      0
    ]
  ],
  "classification_report": "                precision    recall  f1-score   support\n\n      Backdoor       0.75      0.80      0.77      4972\n    BruteForce       0.99      0.04      0.08     10000\n          DDoS       1.00      0.70      0.82     10000\n     Injection       0.00      0.00      0.00     10000\n          MITM       1.00      0.28      0.44       243\n       Malware       0.00      0.00      0.00      7527\n        Normal       0.98      0.36      0.52     10000\n    Ransomware       0.02      0.49      0.05      2185\nReconnaissance       0.83      0.52      0.64     10000\n           XSS       0.00      0.00      0.00      3183\n\n      accuracy                           0.31     68110\n     macro avg       0.56      0.32      0.33     68110\n  weighted avg       0.62      0.31      0.36     68110\n",
  "training_time": 3096.92947101593
}