{
  "accuracy": 0.26762064962448767,
  "f1_macro": 0.22215948658038687,
  "f1_weighted": 0.28888372261416156,
  "precision_macro": 0.2950004154271214,
  "recall_macro": 0.29303633971291865,
  "mcc": 0.20788495226429585,
  "balanced_accuracy": 0.29303633971291865,
  "per_class": {
    "Backdoor": {
      "precision": 0.0006075334143377885,
      "recall": 0.00025,
      "f1": 0.00035423308537017357,
      "support": 4000.0
    },
    "DDoS": {
      "precision": 0.011826140377822147,
      "recall": 0.01925,
      "f1": 0.014651317667205784,
      "support": 4000.0
    },
    "DoS": {
      "precision": 0.865262550490479,
      "recall": 0.74975,
      "f1": 0.8033753013661934,
      "support": 4000.0
    },
    "Injection": {
      "precision": 0.17127260320709656,
      "recall": 0.1255,
      "f1": 0.1448564420718511,
      "support": 4000.0
    },
    "MITM": {
      "precision": 0.014913143231727303,
      "recall": 0.8708133971291866,
      "f1": 0.029324095706114557,
      "support": 209.0
    },
    "Normal": {
      "precision": 0.7021681804863756,
      "recall": 0.4793,
      "f1": 0.5697135385712587,
      "support": 10000.0
    },
    "Password": {
      "precision": 0.0,
      "recall": 0.0,
      "f1": 0.0,
      "support": 4000.0
    },
    "Ransomware": {
      "precision": 0.2535878867676103,
      "recall": 0.4815,
      "f1": 0.33221216041397156,
      "support": 4000.0
    },
    "Scanning": {
      "precision": 0.8160804020100503,
      "recall": 0.203,
      "f1": 0.32512512512512515,
      "support": 4000.0
    },
    "XSS": {
      "precision": 0.11428571428571428,
      "recall": 0.001,
      "f1": 0.001982651796778191,
      "support": 4000.0
    }
  },
  "confusion_matrix": [
    [
      1,
      1961,
      1,
      1,
      28,
      18,
      0,
      1990,
      0,
      0
    ],
    [
      921,
      77,
      13,
      57,
      1887,
      1042,
      0,
      2,
      1,
      0
    ],
    [
      1,
      3,
      2999,
      1,
      658,
      338,
      0,
      0,
      0,
      0
    ],
    [
      44,
      154,
      35,
      502,
      3148,
      116,
      0,
      1,
      0,
      0
    ],
    [
      0,
      3,
      1,
      10,
      182,
      11,
      0,
      1,
      1,
      0
    ],
    [
      30,
      126,
      2,
      842,
      2509,
      4793,
      0,
      1693,
      4,
      1
    ],
    [
      19,
      527,
      324,
      1107,
      1902,
      8,
      0,
      0,
      83,
      30
    ],
    [
      0,
      963,
      84,
      389,
      544,
      0,
      0,
      1926,
      94,
      0
    ],
    [
      343,
      466,
      0,
      0,
      61,
      337,
      0,
      1981,
      812,
      0
    ],
    [
      287,
      2231,
      7,
      22,
      1285,
      163,
      0,
      1,
      0,
      4
    ]
  ],
  "classification_report": "              precision    recall  f1-score   support\n\n    Backdoor       0.00      0.00      0.00      4000\n        DDoS       0.01      0.02      0.01      4000\n         DoS       0.87      0.75      0.80      4000\n   Injection       0.17      0.13      0.14      4000\n        MITM       0.01      0.87      0.03       209\n      Normal       0.70      0.48      0.57     10000\n    Password       0.00      0.00      0.00      4000\n  Ransomware       0.25      0.48      0.33      4000\n    Scanning       0.82      0.20      0.33      4000\n         XSS       0.11      0.00      0.00      4000\n\n    accuracy                           0.27     42209\n   macro avg       0.30      0.29      0.22     42209\nweighted avg       0.38      0.27      0.29     42209\n",
  "training_time": 147.35242772102356
}