{
  "accuracy": 0.8129054201792959,
  "f1_macro": 0.5969515458570738,
  "f1_weighted": 0.8253418266120864,
  "precision_macro": 0.591651197215066,
  "recall_macro": 0.6513303794429911,
  "mcc": 0.7792374183635931,
  "balanced_accuracy": 0.6513303794429911,
  "per_class": {
    "Analysis": {
      "precision": 0.2914046121593291,
      "recall": 0.25981308411214954,
      "f1": 0.274703557312253,
      "support": 535.0
    },
    "Backdoor": {
      "precision": 0.09028960817717206,
      "recall": 0.11373390557939914,
      "f1": 0.100664767331434,
      "support": 466.0
    },
    "DoS": {
      "precision": 0.3446899501069138,
      "recall": 0.7392234790583919,
      "f1": 0.47015360684425433,
      "support": 3271.0
    },
    "Exploits": {
      "precision": 0.8290789927561228,
      "recall": 0.5398090960134756,
      "f1": 0.6538801605114603,
      "support": 8905.0
    },
    "Fuzzers": {
      "precision": 0.9191479615208429,
      "recall": 0.8275933182099402,
      "f1": 0.870971242539338,
      "support": 4849.0
    },
    "Generic": {
      "precision": 0.993396993092239,
      "recall": 0.9779,
      "f1": 0.9855875831485588,
      "support": 10000.0
    },
    "Normal": {
      "precision": 0.9961604526624229,
      "recall": 0.9859,
      "f1": 0.9910036688948083,
      "support": 10000.0
    },
    "Reconnaissance": {
      "precision": 0.8515901060070671,
      "recall": 0.7751965689778413,
      "f1": 0.811599625818522,
      "support": 2798.0
    },
    "Shellcode": {
      "precision": 0.3785310734463277,
      "recall": 0.6655629139072847,
      "f1": 0.48259303721488594,
      "support": 302.0
    },
    "Worms": {
      "precision": 0.2222222222222222,
      "recall": 0.6285714285714286,
      "f1": 0.3283582089552239,
      "support": 35.0
    }
  },
  "confusion_matrix": [
    [
      139,
      50,
      304,
      25,
      13,
      1,
      3,
      0,
      0,
      0
    ],
    [
      37,
      53,
      298,
      45,
      20,
      1,
      0,
      7,
      4,
      1
    ],
    [
      64,
      138,
      2418,
      503,
      45,
      12,
      1,
      32,
      54,
      4
    ],
    [
      141,
      198,
      3122,
      4807,
      129,
      39,
      4,
      265,
      133,
      67
    ],
    [
      73,
      118,
      373,
      129,
      4013,
      4,
      30,
      35,
      72,
      2
    ],
    [
      3,
      7,
      107,
      76,
      15,
      9779,
      0,
      2,
      9,
      2
    ],
    [
      11,
      1,
      3,
      12,
      101,
      1,
      9859,
      5,
      7,
      0
    ],
    [
      9,
      17,
      373,
      168,
      9,
      2,
      0,
      2169,
      50,
      1
    ],
    [
      0,
      5,
      16,
      27,
      21,
      2,
      0,
      30,
      201,
      0
    ],
    [
      0,
      0,
      1,
      6,
      0,
      3,
      0,
      2,
      1,
      22
    ]
  ],
  "classification_report": "                precision    recall  f1-score   support\n\n      Analysis       0.29      0.26      0.27       535\n      Backdoor       0.09      0.11      0.10       466\n           DoS       0.34      0.74      0.47      3271\n      Exploits       0.83      0.54      0.65      8905\n       Fuzzers       0.92      0.83      0.87      4849\n       Generic       0.99      0.98      0.99     10000\n        Normal       1.00      0.99      0.99     10000\nReconnaissance       0.85      0.78      0.81      2798\n     Shellcode       0.38      0.67      0.48       302\n         Worms       0.22      0.63      0.33        35\n\n      accuracy                           0.81     41161\n     macro avg       0.59      0.65      0.60     41161\n  weighted avg       0.86      0.81      0.83     41161\n",
  "training_time": 7.258002042770386
}